seq_id,hubway_id,status,duration,start_date,strt_statn,end_date,end_statn,bike_nr,subsc_type,zip_code,birth_date,gender
1,8,Closed,9,7/28/2011 10:12:00,23,7/28/2011 10:12:00,23,B00468,Registered,97217,1976,Male
2,9,Closed,220,7/28/2011 10:21:00,23,7/28/2011 10:25:00,23,B00554,Registered,02215,1966,Male
3,10,Closed,56,7/28/2011 10:33:00,23,7/28/2011 10:34:00,23,B00456,Registered,02108,1943,Male
4,11,Closed,64,7/28/2011 10:35:00,23,7/28/2011 10:36:00,23,B00554,Registered,02116,1981,Female
5,12,Closed,12,7/28/2011 10:37:00,23,7/28/2011 10:37:00,23,B00554,Registered,97214,1983,Female
6,13,Closed,19,7/28/2011 10:39:00,23,7/28/2011 10:39:00,23,B00456,Registered,02021,1951,Male
7,14,Closed,24,7/28/2011 10:47:00,23,7/28/2011 10:47:00,23,B00554,Registered,02140,1971,Female
8,15,Closed,7,7/28/2011 10:48:00,23,7/28/2011 10:48:00,23,B00554,Registered,02140,1971,Female
9,16,Closed,8,7/28/2011 11:01:00,23,7/28/2011 11:01:00,23,B00554,Registered,97214,1983,Female
10,17,Closed,1108,7/28/2011 11:55:00,47,7/28/2011 12:13:00,40,B00550,Registered,01867,1994,Male
11,18,Closed,1055,7/28/2011 11:55:00,47,7/28/2011 12:13:00,40,B00580,Registered,01867,1956,Male
12,19,Closed,1042,7/28/2011 11:55:00,47,7/28/2011 12:12:00,40,B00539,Registered,01867,1959,Female
13,23,Closed,994,7/28/2011 12:00:00,40,7/28/2011 12:16:00,47,B00368,Casual,,,
14,25,Closed,15,7/28/2011 12:00:00,22,7/28/2011 12:00:00,22,B00442,Registered,02446,1982,Male
15,27,Closed,952,7/28/2011 12:00:00,40,7/28/2011 12:16:00,23,B00556,Registered,02128,1944,Male
16,28,Closed,32,7/28/2011 12:00:00,22,7/28/2011 12:01:00,22,B00316,Registered,02115,1960,Female
17,29,Closed,1261,7/28/2011 12:00:00,22,7/28/2011 12:21:00,45,B00454,Registered,02492,1975,Male
18,30,Closed,7,7/28/2011 12:00:00,22,7/28/2011 12:00:00,22,B00404,Registered,02446,1956,Male
19,31,Closed,1020,7/28/2011 12:01:00,38,7/28/2011 12:18:00,36,B00147,Registered,02118,1987,Female
20,33,Closed,1264,7/28/2011 12:01:00,38,7/28/2011 12:22:00,44,B00165,Registered,02139,1985,Female
21,34,Closed,1043,7/28/2011 12:01:00,38,7/28/2011 12:18:00,44,B00527,Registered,02351,1978,Male
22,35,Closed,969,7/28/2011 12:01:00,22,7/28/2011 12:17:00,44,B00487,Registered,02143,1971,Male
23,37,Closed,1582,7/28/2011 12:01:00,38,7/28/2011 12:27:00,10,B00093,Registered,02130,1980,Female
24,38,Closed,620,7/28/2011 12:01:00,22,7/28/2011 12:12:00,20,B00375,Registered,02474,1955,Female
25,40,Closed,7,7/28/2011 12:02:00,22,7/28/2011 12:02:00,22,B00275,Registered,02140,1971,Female
26,41,Closed,771,7/28/2011 12:02:00,38,7/28/2011 12:15:00,42,B00279,Registered,02108,1943,Male
27,42,Closed,1222,7/28/2011 12:02:00,38,7/28/2011 12:22:00,44,B00074,Registered,02143,1972,Female
28,43,Closed,4,7/28/2011 12:02:00,22,7/28/2011 12:02:00,22,B00137,Registered,01776,1949,Male
29,44,Closed,5,7/28/2011 12:02:00,22,7/28/2011 12:02:00,22,B00082,Registered,01880,1968,Male
30,45,Closed,824,7/28/2011 12:02:00,22,7/28/2011 12:16:00,38,B00460,Registered,02131,1967,Male
31,47,Closed,873,7/28/2011 12:02:00,38,7/28/2011 12:17:00,47,B00025,Registered,02115,1975,Female
32,48,Closed,1377,7/28/2011 12:03:00,22,7/28/2011 12:26:00,25,B00404,Registered,02446,1982,Male
33,51,Closed,1114,7/28/2011 12:03:00,22,7/28/2011 12:22:00,48,B00392,Registered,02144,1958,Male
34,52,Closed,16,7/28/2011 12:03:00,22,7/28/2011 12:04:00,22,B00198,Registered,02116,1976,Male
35,53,Closed,1655,7/28/2011 12:04:00,22,7/28/2011 12:32:00,36,B00316,Registered,02115,1960,Female
36,54,Closed,1953,7/28/2011 12:05:00,22,7/28/2011 12:37:00,31,B00069,Registered,02021,1951,Male
37,55,Closed,1989,7/28/2011 12:05:00,22,7/28/2011 12:38:00,31,B00298,Registered,02151,1987,Female
38,56,Closed,1015,7/28/2011 12:06:00,22,7/28/2011 12:23:00,36,B00543,Registered,02116,1981,Female
39,57,Closed,863,7/28/2011 12:08:00,22,7/28/2011 12:23:00,42,B00189,Registered,02127,1968,Male
40,58,Closed,6,7/28/2011 12:09:00,16,7/28/2011 12:09:00,16,B00533,Registered,02445,1958,Male
41,59,Closed,460,7/28/2011 12:10:00,22,7/28/2011 12:18:00,49,B00353,Registered,01880,1968,Male
42,60,Closed,724,7/28/2011 12:11:00,22,7/28/2011 12:23:00,40,B00442,Registered,02113,1973,Female
43,62,Closed,1624,7/28/2011 12:14:00,40,7/28/2011 12:41:00,20,B00550,Registered,01867,1994,Male
44,63,Closed,191,7/28/2011 12:14:00,22,7/28/2011 12:18:00,22,B00275,Registered,01876,1963,Female
45,64,Closed,1390,7/28/2011 12:14:00,36,7/28/2011 12:38:00,23,B00111,Registered,02114,1975,Male
46,65,Closed,1587,7/28/2011 12:15:00,40,7/28/2011 12:41:00,20,B00539,Registered,01867,1956,Male
47,66,Closed,1578,7/28/2011 12:15:00,40,7/28/2011 12:41:00,20,B00580,Registered,01867,1994,Female
48,67,Closed,2585,7/28/2011 12:15:00,38,7/28/2011 12:58:00,38,B00101,Registered,02492,1968,Male
49,68,Closed,899,7/28/2011 12:16:00,22,7/28/2011 12:31:00,49,B00082,Registered,01776,1949,Male
50,70,Closed,960,7/28/2011 12:19:00,45,7/28/2011 12:35:00,36,B00426,Registered,01742,1962,Male
51,71,Closed,782,7/28/2011 12:20:00,22,7/28/2011 12:33:00,20,B00359,Registered,01945,1943,Male
52,72,Closed,326,7/28/2011 12:20:00,36,7/28/2011 12:25:00,46,B00147,Registered,02118,1987,Female
53,73,Closed,376,7/28/2011 12:23:00,45,7/28/2011 12:29:00,10,B00454,Registered,02492,1975,Male
54,76,Closed,1556,7/28/2011 12:24:00,45,7/28/2011 12:50:00,16,B00131,Registered,02143,1981,Male
55,77,Closed,1681,7/28/2011 12:25:00,5,7/28/2011 12:53:00,23,B00231,Registered,02140,1967,Male
56,79,Closed,2121,7/28/2011 12:27:00,40,7/28/2011 13:02:00,40,B00358,Casual,,,
57,80,Closed,2702,7/28/2011 12:25:00,22,7/28/2011 13:10:00,14,B00058,Registered,01876,1963,Female
58,81,Closed,714,7/28/2011 12:26:00,36,7/28/2011 12:38:00,39,B00170,Registered,02116,1983,Male
59,82,Closed,674,7/28/2011 12:27:00,36,7/28/2011 12:38:00,39,B00543,Registered,02116,1981,Female
60,83,Closed,531,7/28/2011 12:30:00,46,7/28/2011 12:38:00,46,B00147,Registered,02118,1987,Female
61,84,Closed,1315,7/28/2011 12:33:00,36,7/28/2011 12:55:00,38,B00228,Casual,,,
62,85,Closed,50,7/28/2011 12:31:00,3,7/28/2011 12:32:00,3,B00071,Registered,02118,1967,Male
63,86,Closed,659,7/28/2011 12:32:00,34,7/28/2011 12:43:00,36,B00139,Registered,02143,1969,Male
64,87,Closed,15,7/28/2011 12:32:00,23,7/28/2011 12:32:00,23,B00062,Registered,97214,1983,Female
65,88,Closed,2656,7/28/2011 12:37:00,23,7/28/2011 13:21:00,38,B00062,Casual,,,
66,89,Closed,340,7/28/2011 12:37:00,10,7/28/2011 12:43:00,41,B00454,Registered,02492,1975,Male
67,90,Closed,427,7/28/2011 12:39:00,42,7/28/2011 12:46:00,36,B00279,Registered,01720,1966,Male
68,91,Closed,735,7/28/2011 12:42:00,16,7/28/2011 12:54:00,22,B00462,Registered,02140,1966,Male
69,92,Closed,3584,7/28/2011 12:43:00,20,7/28/2011 13:43:00,43,B00550,Registered,01867,1959,Female
70,93,Closed,2106,7/28/2011 12:43:00,20,7/28/2011 13:18:00,43,B00539,Registered,01867,1994,Female
71,94,Closed,3485,7/28/2011 12:44:00,20,7/28/2011 13:42:00,43,B00580,Registered,01867,1956,Male
72,95,Closed,955,7/28/2011 12:45:00,42,7/28/2011 13:01:00,10,B00189,Registered,02127,1968,Male
73,96,Closed,515,7/28/2011 12:46:00,36,7/28/2011 12:54:00,49,B00426,Registered,02116,1982,Female
74,97,Closed,2775,7/28/2011 12:46:00,25,7/28/2011 13:32:00,39,B00404,Registered,02446,1982,Male
75,99,Closed,2983,7/28/2011 12:52:00,40,7/28/2011 13:42:00,44,B00258,Casual,,,
76,100,Closed,3002,7/28/2011 12:52:00,40,7/28/2011 13:42:00,44,B00442,Casual,,,
77,101,Closed,515,7/28/2011 12:56:00,36,7/28/2011 13:05:00,34,B00279,Registered,02143,1969,Male
78,102,Closed,2020,7/28/2011 12:59:00,36,7/28/2011 13:33:00,36,B00139,Casual,,,
79,103,Closed,1385,7/28/2011 13:01:00,36,7/28/2011 13:24:00,38,B00316,Casual,,,
80,104,Closed,165,7/28/2011 13:02:00,39,7/28/2011 13:05:00,39,B00543,Registered,02143,1981,Male
81,105,Closed,172,7/28/2011 13:04:00,31,7/28/2011 13:06:00,43,B00069,Registered,01890,1978,Male
82,106,Closed,35,7/28/2011 13:05:00,35,7/28/2011 13:05:00,35,B00032,Registered,02118,1982,Male
83,107,Closed,586,7/28/2011 13:05:00,39,7/28/2011 13:15:00,36,B00170,Registered,02116,1983,Male
84,108,Closed,545,7/28/2011 13:05:00,5,7/28/2011 13:14:00,5,B00227,Registered,02139,1986,Male
85,109,Closed,125,7/28/2011 13:05:00,48,7/28/2011 13:07:00,48,B00261,Registered,01719,1971,Male
86,110,Closed,26,7/28/2011 13:05:00,35,7/28/2011 13:06:00,35,B00032,Registered,02118,1982,Male
87,111,Closed,541,7/28/2011 13:06:00,39,7/28/2011 13:15:00,36,B00543,Registered,02116,1981,Female
88,112,Closed,4,7/28/2011 13:09:00,23,7/28/2011 13:09:00,23,B00546,Registered,02135,1982,Male
89,115,Closed,1126,7/28/2011 13:12:00,22,7/28/2011 13:31:00,23,B00406,Casual,,,
90,116,Closed,3747,7/28/2011 13:14:00,22,7/28/2011 14:16:00,10,B00231,Registered,97214,1983,Female
91,117,Closed,1772,7/28/2011 13:16:00,41,7/28/2011 13:46:00,23,B00454,Casual,,,
92,118,Closed,300,7/28/2011 13:15:00,36,7/28/2011 13:20:00,42,B00170,Registered,01720,1966,Male
93,119,Closed,394,7/28/2011 13:16:00,10,7/28/2011 13:23:00,32,B00189,Registered,02492,1975,Male
94,120,Closed,16,7/28/2011 13:18:00,31,7/28/2011 13:18:00,31,B00298,Registered,02138,1972,Female
95,121,Closed,1472,7/28/2011 13:18:00,16,7/28/2011 13:43:00,38,B00131,Registered,02143,1981,Male
96,122,Closed,303,7/28/2011 13:18:00,5,7/28/2011 13:23:00,5,B00020,Registered,02139,1986,Male
97,124,Closed,1840,7/28/2011 13:21:00,40,7/28/2011 13:52:00,40,B00488,Registered,01760,1968,Male
98,125,Closed,817,7/28/2011 13:21:00,43,7/28/2011 13:35:00,43,B00539,Registered,01867,1994,Female
99,126,Closed,402,7/28/2011 13:23:00,38,7/28/2011 13:29:00,47,B00394,Registered,02130,1975,Male
100,127,Closed,389,7/28/2011 13:25:00,23,7/28/2011 13:32:00,44,B00392,Registered,02143,1985,Male
101,128,Closed,397,7/28/2011 13:25:00,23,7/28/2011 13:32:00,44,B00468,Registered,02143,1986,Female
102,129,Closed,953,7/28/2011 13:28:00,46,7/28/2011 13:43:00,45,B00147,Registered,02139,1986,Male
103,130,Closed,34,7/28/2011 13:35:00,43,7/28/2011 13:36:00,43,B00069,Registered,02140,1966,Male
104,131,Closed,650,7/28/2011 13:38:00,23,7/28/2011 13:49:00,23,B00111,Casual,,,
105,132,Closed,881,7/28/2011 13:45:00,14,7/28/2011 13:59:00,45,B00198,Casual,,,
106,133,Closed,862,7/28/2011 13:45:00,14,7/28/2011 13:59:00,45,B00058,Registered,01876,1963,Female
107,134,Closed,443,7/28/2011 13:46:00,43,7/28/2011 13:53:00,47,B00580,Registered,01867,1994,Female
108,135,Closed,421,7/28/2011 13:46:00,43,7/28/2011 13:53:00,47,B00539,Registered,01867,1959,Female
109,136,Closed,781,7/28/2011 13:47:00,45,7/28/2011 14:00:00,46,B00431,Registered,02139,1986,Male
110,137,Closed,416,7/28/2011 13:47:00,43,7/28/2011 13:54:00,47,B00550,Registered,01867,1956,Male
111,138,Closed,1203,7/28/2011 13:48:00,20,7/28/2011 14:08:00,23,B00375,Registered,02474,1955,Female
112,139,Closed,762,7/28/2011 13:51:00,49,7/28/2011 14:04:00,31,B00353,Registered,02474,1966,Male
113,140,Closed,487,7/28/2011 13:55:00,5,7/28/2011 14:03:00,5,B00042,Casual,,,
114,141,Closed,208,7/28/2011 13:59:00,47,7/28/2011 14:03:00,38,B00539,Registered,02130,1975,Male
115,142,Closed,2920,7/28/2011 14:05:00,23,7/28/2011 14:54:00,31,B00454,Registered,02151,1987,Female
116,143,Closed,1153,7/28/2011 14:06:00,26,7/28/2011 14:25:00,39,B00423,Casual,,,
117,144,Closed,1338,7/28/2011 14:07:00,27,7/28/2011 14:29:00,33,B00041,Casual,,,
118,145,Closed,1267,7/28/2011 14:08:00,27,7/28/2011 14:29:00,33,B00310,Casual,,,
119,146,Closed,1685,7/28/2011 14:34:00,8,7/28/2011 15:02:00,46,B00429,Registered,02134,1986,Male
120,147,Closed,5915,7/28/2011 14:38:00,22,7/28/2011 16:17:00,22,B00493,Casual,,,
121,148,Closed,1623,7/28/2011 14:42:00,22,7/28/2011 15:09:00,22,B00464,Casual,,,
122,149,Closed,1559,7/28/2011 14:42:00,22,7/28/2011 15:08:00,22,B00350,Casual,,,
123,150,Closed,199,7/28/2011 15:02:00,33,7/28/2011 15:05:00,10,B00041,Casual,,,
124,151,Closed,1236,7/28/2011 15:02:00,31,7/28/2011 15:22:00,42,B00298,Casual,,,
125,152,Closed,13130,7/28/2011 15:03:00,38,7/28/2011 18:42:00,23,B00316,Casual,,,
126,153,Closed,172,7/28/2011 15:02:00,33,7/28/2011 15:05:00,10,B00310,Casual,,,
127,154,Closed,1193,7/28/2011 15:02:00,31,7/28/2011 15:22:00,42,B00353,Casual,,,
128,155,Closed,13047,7/28/2011 15:04:00,38,7/28/2011 18:42:00,23,B00232,Casual,,,
129,156,Closed,943,7/28/2011 15:02:00,22,7/28/2011 15:18:00,40,B00552,Registered,02139,1986,Male
130,157,Closed,888,7/28/2011 15:06:00,45,7/28/2011 15:21:00,13,B00058,Casual,,,
131,158,Closed,1094,7/28/2011 15:06:00,49,7/28/2011 15:24:00,24,B00082,Registered,02116,1982,Female
132,159,Closed,1100,7/28/2011 15:12:00,5,7/28/2011 15:31:00,36,B00042,Casual,,,
133,160,Closed,1933,7/28/2011 15:20:00,23,7/28/2011 15:52:00,32,B00456,Casual,,,
134,161,Closed,1100,7/28/2011 15:21:00,10,7/28/2011 15:40:00,27,B00041,Casual,,,
135,162,Closed,1071,7/28/2011 15:22:00,10,7/28/2011 15:40:00,27,B00093,Casual,,,
136,163,Closed,1224,7/28/2011 15:25:00,36,7/28/2011 15:46:00,38,B00543,Registered,01742,1962,Male
137,164,Closed,3373,7/28/2011 15:26:00,23,7/28/2011 16:22:00,23,B00556,Casual,,,
138,165,Closed,7669,7/28/2011 15:32:00,42,7/28/2011 17:40:00,22,B00298,Casual,,,
139,166,Closed,319,7/28/2011 15:32:00,36,7/28/2011 15:37:00,42,B00042,Casual,,,
140,167,Closed,2973,7/28/2011 15:41:00,41,7/28/2011 16:31:00,41,B00585,Casual,,,
141,168,Closed,1044,7/28/2011 15:42:00,42,7/28/2011 15:59:00,42,B00042,Casual,,,
142,170,Closed,946,7/28/2011 15:51:00,33,7/28/2011 16:07:00,36,B00385,Registered,01545,1965,Male
143,171,Closed,731,7/28/2011 15:51:00,40,7/28/2011 16:03:00,22,B00514,Registered,02139,1986,Male
144,172,Closed,78123,7/28/2011 15:53:00,41,7/29/2011 13:35:00,41,B00333,Casual,,,
145,173,Closed,331,7/28/2011 15:55:00,9,7/28/2011 16:01:00,9,B00159,Casual,,,
146,174,Closed,386,7/28/2011 15:55:00,24,7/28/2011 16:01:00,48,B00082,Registered,02113,1986,Male
147,175,Closed,395,7/28/2011 15:57:00,5,7/28/2011 16:03:00,21,B00401,Registered,02215,1962,Male
148,176,Closed,232,7/28/2011 16:01:00,35,7/28/2011 16:05:00,48,B00196,Casual,,,
149,178,Closed,1063,7/28/2011 16:03:00,42,7/28/2011 16:21:00,5,B00042,Casual,,,
150,179,Closed,3156,7/28/2011 16:03:00,49,7/28/2011 16:56:00,24,B00426,Casual,,,
151,180,Closed,604,7/28/2011 16:04:00,38,7/28/2011 16:14:00,23,B00469,Casual,,,
152,181,Closed,635,7/28/2011 16:05:00,10,7/28/2011 16:16:00,36,B00231,Registered,02127,1968,Male
153,182,Closed,211,7/28/2011 16:06:00,23,7/28/2011 16:09:00,6,B00111,Registered,02114,1966,Male
154,184,Closed,722,7/28/2011 16:08:00,22,7/28/2011 16:20:00,24,B00462,Registered,02139,1986,Male
155,185,Closed,2605,7/28/2011 16:12:00,49,7/28/2011 16:55:00,24,B00246,Casual,,,
156,186,Closed,157,7/28/2011 16:13:00,23,7/28/2011 16:16:00,23,B00546,Registered,02130,1982,Female
157,187,Closed,158,7/28/2011 16:15:00,3,7/28/2011 16:18:00,14,B00190,Registered,02109,1987,Female
158,188,Closed,371,7/28/2011 16:18:00,44,7/28/2011 16:24:00,38,B00442,Casual,,,
159,189,Closed,423,7/28/2011 16:17:00,22,7/28/2011 16:24:00,44,B00472,Registered,02351,1978,Male
160,190,Closed,2951,7/28/2011 16:19:00,12,7/28/2011 17:10:00,12,B00120,Casual,,,
161,191,Closed,1003,7/28/2011 16:18:00,22,7/28/2011 16:35:00,38,B00464,Registered,01944,1982,Female
162,192,Closed,2946,7/28/2011 16:21:00,12,7/28/2011 17:10:00,12,B00095,Casual,,,
163,193,Closed,753,7/28/2011 16:22:00,38,7/28/2011 16:34:00,42,B00016,Registered,02144,1986,Male
164,196,Closed,17261,7/28/2011 16:24:00,36,7/28/2011 21:12:00,36,B00139,Casual,,,
165,197,Closed,1143,7/28/2011 16:23:00,22,7/28/2011 16:42:00,31,B00350,Registered,02144,1978,Male
166,198,Closed,4363,7/28/2011 16:27:00,16,7/28/2011 17:39:00,16,B00465,Casual,,,
167,199,Closed,1474,7/28/2011 16:29:00,48,7/28/2011 16:54:00,30,B00174,Casual,,,
168,200,Closed,16856,7/28/2011 16:30:00,36,7/28/2011 21:11:00,36,B00231,Casual,,,
169,201,Closed,330,7/28/2011 16:34:00,42,7/28/2011 16:40:00,16,B00353,Registered,02116,1979,Male
170,202,Closed,1485,7/28/2011 16:36:00,38,7/28/2011 17:01:00,32,B00187,Registered,02131,1967,Male
171,203,Closed,1740,7/28/2011 16:37:00,39,7/28/2011 17:06:00,24,B00034,Casual,,,
172,204,Closed,1642,7/28/2011 16:36:00,47,7/28/2011 17:04:00,33,B00223,Casual,,,
173,205,Closed,233,7/28/2011 16:38:00,44,7/28/2011 16:42:00,38,B00151,Registered,01719,1971,Male
174,206,Closed,2514,7/28/2011 16:42:00,10,7/28/2011 17:24:00,24,B00240,Casual,,,
175,207,Closed,2515,7/28/2011 16:42:00,10,7/28/2011 17:24:00,24,B00057,Casual,,,
176,208,Closed,627,7/28/2011 16:42:00,3,7/28/2011 16:52:00,16,B00002,Registered,02038,1974,Male
177,209,Closed,1616,7/28/2011 16:44:00,44,7/28/2011 17:11:00,38,B00474,Casual,,,
178,210,Closed,1240,7/28/2011 16:44:00,36,7/28/2011 17:05:00,36,B00385,Registered,02138,1947,Female
179,211,Closed,1577,7/28/2011 16:45:00,44,7/28/2011 17:11:00,38,B00013,Casual,,,
180,212,Closed,632,7/28/2011 16:46:00,24,7/28/2011 16:57:00,38,B00462,Casual,,,
181,214,Closed,413,7/28/2011 16:48:00,22,7/28/2011 16:55:00,40,B00275,Registered,02109,1987,Male
182,215,Closed,491,7/28/2011 16:52:00,43,7/28/2011 17:00:00,22,B00069,Registered,02360,1969,Female
183,216,Closed,695,7/28/2011 16:54:00,42,7/28/2011 17:05:00,43,B00170,Registered,02025,1971,Male
184,218,Closed,589,7/28/2011 16:56:00,22,7/28/2011 17:05:00,49,B00137,Registered,01890,1978,Male
185,219,Closed,317,7/28/2011 16:57:00,21,7/28/2011 17:02:00,33,B00542,Casual,,,
186,220,Closed,515,7/28/2011 16:57:00,40,7/28/2011 17:05:00,38,B00275,Registered,01740,1957,Male
187,221,Closed,655,7/28/2011 16:57:00,3,7/28/2011 17:08:00,25,B00414,Registered,02118,1985,Male
188,222,Closed,13314,7/28/2011 16:59:00,33,7/28/2011 20:41:00,35,B00121,Registered,02138,1981,Male
189,223,Closed,590,7/28/2011 17:00:00,44,7/28/2011 17:10:00,22,B00487,Registered,02351,1978,Male
190,225,Closed,1841,7/28/2011 17:04:00,48,7/28/2011 17:35:00,46,B00505,Casual,,,
191,226,Closed,1105,7/28/2011 17:03:00,10,7/28/2011 17:21:00,12,B00406,Registered,02130,1980,Female
192,227,Closed,688,7/28/2011 17:05:00,48,7/28/2011 17:16:00,24,B00150,Registered,02143,1981,Male
193,229,Closed,856,7/28/2011 17:06:00,10,7/28/2011 17:20:00,8,B00310,Registered,02135,1966,Female
194,231,Closed,102,7/28/2011 17:10:00,49,7/28/2011 17:11:00,49,B00137,Registered,01890,1978,Male
195,232,Closed,1299,7/28/2011 17:10:00,23,7/28/2011 17:32:00,33,B00469,Registered,02446,1971,Male
196,233,Closed,1721,7/28/2011 17:13:00,26,7/28/2011 17:42:00,13,B00026,Casual,,,
197,234,Closed,1158,7/28/2011 17:13:00,40,7/28/2011 17:33:00,38,B00339,Casual,,,
198,235,Closed,1443,7/28/2011 17:12:00,35,7/28/2011 17:36:00,33,B00215,Registered,02115,1988,Male
199,236,Closed,723,7/28/2011 17:13:00,49,7/28/2011 17:25:00,38,B00137,Registered,01890,1978,Male
200,237,Closed,758,7/28/2011 17:13:00,39,7/28/2011 17:25:00,22,B00040,Registered,02143,1981,Male
201,238,Closed,1425,7/28/2011 17:16:00,9,7/28/2011 17:40:00,9,B00329,Casual,,,
202,239,Closed,526,7/28/2011 17:15:00,6,7/28/2011 17:23:00,44,B00111,Registered,02114,1970,Male
203,240,Closed,1429,7/28/2011 17:16:00,5,7/28/2011 17:40:00,40,B00312,Casual,,,
204,241,Closed,1263,7/28/2011 17:18:00,46,7/28/2011 17:39:00,46,B00429,Casual,,,
205,242,Closed,536,7/28/2011 17:18:00,34,7/28/2011 17:27:00,36,B00279,Registered,02143,1969,Male
206,243,Closed,830,7/28/2011 17:20:00,33,7/28/2011 17:34:00,32,B00536,Casual,,,
207,244,Closed,909,7/28/2011 17:20:00,32,7/28/2011 17:35:00,27,B00189,Registered,02131,1967,Male
208,245,Closed,2174,7/28/2011 17:23:00,38,7/28/2011 17:59:00,38,B00464,Casual,,,
209,246,Closed,2156,7/28/2011 17:24:00,38,7/28/2011 17:59:00,38,B00013,Casual,,,
210,247,Closed,669,7/28/2011 17:26:00,34,7/28/2011 17:37:00,12,B00001,Casual,,,
211,248,Closed,227,7/28/2011 17:27:00,35,7/28/2011 17:31:00,44,B00136,Casual,,,
212,249,Closed,690,7/28/2011 17:28:00,3,7/28/2011 17:39:00,12,B00463,Registered,02131,1953,Male
213,250,Closed,1195,7/28/2011 17:29:00,40,7/28/2011 17:49:00,24,B00358,Casual,,,
214,252,Closed,4976,7/28/2011 17:33:00,44,7/28/2011 18:56:00,15,B00156,Casual,,,
215,253,Closed,1386,7/28/2011 17:35:00,40,7/28/2011 17:58:00,40,B00488,Casual,,,
216,254,Closed,1395,7/28/2011 17:35:00,40,7/28/2011 17:58:00,40,B00552,Casual,,,
217,256,Closed,762,7/28/2011 17:34:00,25,7/28/2011 17:47:00,42,B00340,Registered,02118,1959,Female
218,257,Closed,347,7/28/2011 17:36:00,35,7/28/2011 17:41:00,22,B00032,Registered,02474,1977,Male
219,258,Closed,324,7/28/2011 17:36:00,35,7/28/2011 17:41:00,22,B00076,Registered,02474,1980,Female
220,259,Closed,713,7/28/2011 17:39:00,25,7/28/2011 17:51:00,33,B00379,Casual,,,
221,261,Closed,713,7/28/2011 17:40:00,23,7/28/2011 17:52:00,24,B00375,Casual,,,
222,262,Closed,900,7/28/2011 17:40:00,23,7/28/2011 17:55:00,25,B00407,Registered,02118,1978,Female
223,263,Closed,4549,7/28/2011 17:41:00,41,7/28/2011 18:57:00,33,B00585,Casual,,,
224,264,Closed,577,7/28/2011 17:40:00,33,7/28/2011 17:50:00,41,B00215,Registered,02115,1988,Male
225,265,Closed,1085,7/28/2011 17:42:00,48,7/28/2011 18:00:00,38,B00082,Casual,,,
226,266,Closed,4140,7/28/2011 17:45:00,16,7/28/2011 18:54:00,36,B00507,Casual,,,
227,267,Closed,1161,7/28/2011 17:43:00,41,7/28/2011 18:02:00,36,B00528,Registered,02134,1980,Male
228,268,Closed,1685,7/28/2011 17:45:00,35,7/28/2011 18:13:00,8,B00056,Casual,,,
229,269,Closed,4136,7/28/2011 17:45:00,16,7/28/2011 18:54:00,36,B00360,Casual,,,
230,270,Closed,756,7/28/2011 17:47:00,36,7/28/2011 18:00:00,39,B00279,Registered,02118,1971,Male
231,271,Closed,1597,7/28/2011 17:49:00,45,7/28/2011 18:16:00,36,B00390,Casual,,,
232,272,Closed,1573,7/28/2011 17:49:00,45,7/28/2011 18:16:00,36,B00198,Casual,,,
233,273,Closed,656,7/28/2011 17:50:00,38,7/28/2011 18:01:00,22,B00474,Registered,02186,1974,Male
234,274,Closed,638,7/28/2011 17:52:00,24,7/28/2011 18:02:00,44,B00246,Casual,,,
235,275,Closed,362,7/28/2011 17:51:00,13,7/28/2011 17:57:00,26,B00026,Casual,,,
236,276,Closed,465,7/28/2011 17:52:00,44,7/28/2011 18:00:00,22,B00136,Casual,,,
237,277,Closed,34,7/28/2011 17:54:00,17,7/28/2011 17:55:00,17,B00236,Registered,02163,1986,Male
238,279,Closed,685,7/28/2011 17:59:00,42,7/28/2011 18:10:00,23,B00340,Casual,,,
239,280,Closed,1097,7/28/2011 17:57:00,22,7/28/2011 18:16:00,25,B00040,Registered,02118,1978,Female
240,281,Closed,1113,7/28/2011 17:57:00,22,7/28/2011 18:16:00,25,B00298,Registered,02118,1979,Female
241,283,Closed,1302,7/28/2011 18:02:00,41,7/28/2011 18:24:00,46,B00215,Casual,,,
242,284,Closed,569,7/28/2011 18:02:00,36,7/28/2011 18:11:00,42,B00385,Casual,,,
243,285,Closed,187,7/28/2011 18:03:00,47,7/28/2011 18:07:00,38,B00419,Casual,,,
244,286,Closed,1251,7/28/2011 18:03:00,41,7/28/2011 18:24:00,46,B00094,Casual,,,
245,287,Closed,3886,7/28/2011 18:03:00,38,7/28/2011 19:08:00,15,B00464,Casual,,,
246,288,Closed,3798,7/28/2011 18:03:00,38,7/28/2011 19:06:00,15,B00082,Casual,,,
247,289,Closed,3177,7/28/2011 18:04:00,33,7/28/2011 18:57:00,33,B00223,Casual,,,
248,290,Closed,952,7/28/2011 18:04:00,36,7/28/2011 18:20:00,27,B00353,Registered,02130,1984,Male
249,292,Closed,787,7/28/2011 18:08:00,36,7/28/2011 18:21:00,36,B00528,Registered,02116,1987,Male
250,293,Closed,192,7/28/2011 18:10:00,10,7/28/2011 18:13:00,9,B00008,Casual,,,
251,294,Closed,736,7/28/2011 18:12:00,35,7/28/2011 18:24:00,36,B00016,Casual,,,
252,296,Closed,1549,7/28/2011 18:14:00,42,7/28/2011 18:39:00,42,B00385,Casual,,,
253,297,Closed,569,7/28/2011 18:14:00,23,7/28/2011 18:23:00,35,B00556,Casual,,,
254,298,Closed,970,7/28/2011 18:14:00,23,7/28/2011 18:31:00,23,B00546,Casual,,,
255,299,Closed,1050,7/28/2011 18:14:00,27,7/28/2011 18:32:00,30,B00189,Casual,,,
256,300,Closed,1265,7/28/2011 18:18:00,25,7/28/2011 18:40:00,25,B00298,Registered,02118,1981,Male
257,301,Closed,835,7/28/2011 18:19:00,36,7/28/2011 18:33:00,9,B00390,Registered,02116,1983,Male
258,302,Closed,784,7/28/2011 18:20:00,36,7/28/2011 18:33:00,9,B00198,Registered,02116,1981,Female
259,303,Closed,6481,7/28/2011 18:24:00,26,7/28/2011 20:12:00,26,B00046,Casual,,,
260,304,Closed,1490,7/28/2011 18:22:00,38,7/28/2011 18:47:00,32,B00131,Registered,02130,1975,Male
261,305,Closed,408,7/28/2011 18:25:00,39,7/28/2011 18:32:00,16,B00279,Casual,,,
262,306,Closed,1028,7/28/2011 18:24:00,16,7/28/2011 18:42:00,22,B00562,Registered,02127,1968,Male
263,307,Closed,1016,7/28/2011 18:29:00,5,7/28/2011 18:46:00,46,B00565,Casual,,,
264,308,Closed,1955,7/28/2011 18:29:00,3,7/28/2011 19:02:00,22,B00071,Registered,02118,1967,Male
265,309,Closed,267,7/28/2011 18:32:00,46,7/28/2011 18:36:00,46,B00215,Registered,02118,1989,Male
266,310,Closed,2732,7/28/2011 18:34:00,45,7/28/2011 19:19:00,45,B00409,Casual,,,
267,311,Closed,1592,7/28/2011 18:35:00,35,7/28/2011 19:01:00,36,B00556,Casual,,,
268,312,Closed,463,7/28/2011 18:35:00,48,7/28/2011 18:42:00,6,B00457,Registered,02118,1982,Male
269,313,Closed,2278,7/28/2011 18:35:00,38,7/28/2011 19:13:00,9,B00364,Registered,02143,1972,Male
270,314,Closed,2452,7/28/2011 18:39:00,45,7/28/2011 19:20:00,45,B00052,Casual,,,
271,315,Closed,222,7/28/2011 18:39:00,9,7/28/2011 18:43:00,41,B00390,Registered,02116,1983,Male
272,316,Closed,198,7/28/2011 18:40:00,9,7/28/2011 18:43:00,41,B00198,Registered,02116,1981,Female
273,317,Closed,1483,7/28/2011 18:41:00,42,7/28/2011 19:06:00,42,B00385,Casual,,,
274,318,Closed,787,7/28/2011 18:42:00,36,7/28/2011 18:55:00,22,B00528,Registered,02359,1980,Male
275,319,Closed,4570,7/28/2011 18:46:00,47,7/28/2011 20:02:00,47,B00081,Casual,,,
276,320,Closed,4559,7/28/2011 18:47:00,47,7/28/2011 20:03:00,47,B00479,Casual,,,
277,321,Closed,684,7/28/2011 18:47:00,8,7/28/2011 18:59:00,18,B00425,Casual,,,
278,323,Closed,5273,7/28/2011 18:49:00,46,7/28/2011 20:17:00,46,B00215,Casual,,,
279,324,Closed,731,7/28/2011 18:48:00,23,7/28/2011 19:01:00,49,B00232,Registered,02155,1971,Male
280,325,Closed,5274,7/28/2011 18:49:00,46,7/28/2011 20:17:00,46,B00505,Casual,,,
281,326,Closed,431,7/28/2011 18:49:00,32,7/28/2011 18:56:00,30,B00187,Registered,02130,1975,Male
282,327,Closed,1254,7/28/2011 18:50:00,46,7/28/2011 19:11:00,46,B00565,Casual,,,
283,328,Closed,964,7/28/2011 18:56:00,13,7/28/2011 19:12:00,45,B00058,Casual,,,
284,329,Closed,1429,7/28/2011 18:55:00,25,7/28/2011 19:19:00,38,B00040,Casual,,,
285,330,Closed,705,7/28/2011 18:55:00,45,7/28/2011 19:07:00,33,B00132,Registered,02215,1977,Male
286,331,Closed,954,7/28/2011 18:59:00,21,7/28/2011 19:15:00,49,B00401,Casual,,,
287,332,Closed,915,7/28/2011 18:59:00,21,7/28/2011 19:14:00,49,B00306,Casual,,,
288,333,Closed,805,7/28/2011 19:03:00,24,7/28/2011 19:16:00,23,B00150,Casual,,,
289,334,Closed,1689,7/28/2011 19:00:00,48,7/28/2011 19:28:00,8,B00196,Registered,02135,1980,Male
290,335,Closed,821,7/28/2011 19:02:00,24,7/28/2011 19:16:00,23,B00375,Casual,,,
291,336,Closed,784,7/28/2011 19:03:00,24,7/28/2011 19:16:00,23,B00358,Casual,,,
292,337,Closed,582,7/28/2011 19:03:00,24,7/28/2011 19:13:00,22,B00426,Registered,02420,1958,Male
293,338,Closed,307,7/28/2011 19:04:00,20,7/28/2011 19:09:00,6,B00359,Registered,02114,1970,Male
294,339,Closed,483,7/28/2011 19:05:00,13,7/28/2011 19:13:00,16,B00455,Casual,,,
295,340,Closed,235,7/28/2011 19:05:00,36,7/28/2011 19:09:00,42,B00556,Registered,02144,1986,Male
296,341,Closed,411,7/28/2011 19:09:00,33,7/28/2011 19:16:00,45,B00473,Registered,02215,1977,Male
297,342,Closed,758,7/28/2011 19:11:00,42,7/28/2011 19:24:00,42,B00385,Casual,,,
298,343,Closed,709,7/28/2011 19:12:00,39,7/28/2011 19:24:00,25,B00389,Registered,02118,1956,Male
299,344,Closed,865,7/28/2011 19:12:00,6,7/28/2011 19:27:00,42,B00457,Registered,02114,1970,Male
300,345,Closed,356,7/28/2011 19:13:00,46,7/28/2011 19:19:00,5,B00565,Casual,,,
301,346,Closed,426,7/28/2011 19:14:00,47,7/28/2011 19:21:00,47,B00580,Registered,02135,1951,Female
302,347,Closed,1033,7/28/2011 19:15:00,41,7/28/2011 19:32:00,36,B00390,Registered,02116,1983,Male
303,348,Closed,1026,7/28/2011 19:15:00,41,7/28/2011 19:32:00,36,B00198,Registered,02116,1981,Female
304,349,Closed,3488,7/28/2011 19:17:00,15,7/28/2011 20:15:00,15,B00346,Casual,,,
305,350,Closed,1615,7/28/2011 19:17:00,23,7/28/2011 19:44:00,23,B00340,Registered,02114,1986,Male
306,351,Closed,1678,7/28/2011 19:18:00,15,7/28/2011 19:46:00,8,B00464,Casual,,,
307,352,Closed,1603,7/28/2011 19:18:00,23,7/28/2011 19:44:00,23,B00557,Registered,02114,1986,Female
308,353,Closed,769,7/28/2011 19:18:00,23,7/28/2011 19:31:00,36,B00150,Casual,,,
309,354,Closed,1644,7/28/2011 19:18:00,15,7/28/2011 19:46:00,8,B00082,Casual,,,
310,355,Closed,726,7/28/2011 19:19:00,23,7/28/2011 19:31:00,36,B00546,Casual,,,
311,356,Closed,1191,7/28/2011 19:26:00,42,7/28/2011 19:46:00,42,B00385,Casual,,,
312,357,Closed,1780,7/28/2011 19:26:00,8,7/28/2011 19:55:00,23,B00036,Registered,02143,1979,Male
313,358,Closed,603,7/28/2011 19:26:00,25,7/28/2011 19:36:00,25,B00407,Registered,02118,1956,Male
314,359,Closed,632,7/28/2011 19:26:00,49,7/28/2011 19:37:00,23,B00232,Registered,02111,1980,Male
315,360,Closed,1633,7/28/2011 19:27:00,35,7/28/2011 19:55:00,45,B00363,Casual,,,
316,361,Closed,1431,7/28/2011 19:29:00,40,7/28/2011 19:53:00,5,B00312,Casual,,,
317,362,Closed,427,7/28/2011 19:36:00,9,7/28/2011 19:43:00,33,B00083,Casual,,,
318,364,Closed,1386,7/28/2011 19:39:00,23,7/28/2011 20:02:00,33,B00358,Registered,02215,1983,Male
319,365,Closed,456,7/28/2011 19:39:00,25,7/28/2011 19:46:00,49,B00366,Registered,02118,1989,Male
320,366,Closed,873,7/28/2011 19:39:00,42,7/28/2011 19:54:00,33,B00556,Registered,02114,1986,Male
321,367,Closed,2363,7/28/2011 19:42:00,45,7/28/2011 20:21:00,33,B00409,Casual,,,
322,368,Closed,871,7/28/2011 19:43:00,38,7/28/2011 19:58:00,42,B00040,Registered,02118,1982,Male
323,369,Closed,866,7/28/2011 19:45:00,33,7/28/2011 20:00:00,42,B00132,Casual,,,
324,370,Closed,683,7/28/2011 19:46:00,14,7/28/2011 19:58:00,46,B00190,Casual,,,
325,371,Closed,3715,7/28/2011 19:49:00,47,7/28/2011 20:51:00,47,B00025,Registered,02113,1973,Female
326,372,Closed,730,7/28/2011 19:50:00,36,7/28/2011 20:02:00,41,B00198,Registered,02134,1980,Male
327,373,Closed,3645,7/28/2011 19:50:00,47,7/28/2011 20:51:00,47,B00368,Registered,02113,1974,Male
328,374,Closed,4127,7/28/2011 19:53:00,49,7/28/2011 21:01:00,49,B00306,Casual,,,
329,375,Closed,4119,7/28/2011 19:53:00,49,7/28/2011 21:01:00,49,B00401,Casual,,,
330,376,Closed,3223,7/28/2011 19:56:00,23,7/28/2011 20:50:00,41,B00355,Casual,,,
331,377,Closed,1150,7/28/2011 19:56:00,23,7/28/2011 20:15:00,23,B00232,Registered,02115,1959,Male
332,378,Closed,782,7/28/2011 20:00:00,22,7/28/2011 20:13:00,49,B00071,Registered,02116,1976,Male
333,379,Closed,639,7/28/2011 20:03:00,9,7/28/2011 20:14:00,8,B00159,Casual,,,
334,380,Closed,582,7/28/2011 20:05:00,9,7/28/2011 20:14:00,8,B00554,Casual,,,
335,381,Closed,287,7/28/2011 20:03:00,42,7/28/2011 20:08:00,49,B00132,Casual,,,
336,382,Closed,7,7/28/2011 20:04:00,3,7/28/2011 20:04:00,3,B00214,Registered,02113,1986,Male
337,383,Closed,862,7/28/2011 20:04:00,3,7/28/2011 20:18:00,42,B00330,Registered,02113,1986,Male
338,384,Closed,782,7/28/2011 20:05:00,36,7/28/2011 20:18:00,22,B00360,Registered,02115,1988,Male
339,385,Closed,236,7/28/2011 20:05:00,33,7/28/2011 20:09:00,10,B00083,Registered,02215,1983,Male
340,386,Closed,974,7/28/2011 20:06:00,21,7/28/2011 20:22:00,38,B00218,Registered,01886,1968,Male
341,387,Closed,652,7/28/2011 20:07:00,45,7/28/2011 20:18:00,46,B00415,Registered,02215,1984,Male
342,388,Closed,2226,7/28/2011 20:08:00,36,7/28/2011 20:45:00,36,B00016,Casual,,,
343,389,Closed,1078,7/28/2011 20:09:00,35,7/28/2011 20:27:00,36,B00280,Casual,,,
344,390,Closed,1466,7/28/2011 20:19:00,24,7/28/2011 20:43:00,23,B00240,Casual,,,
345,392,Closed,1455,7/28/2011 20:19:00,24,7/28/2011 20:43:00,23,B00057,Casual,,,
346,393,Closed,3040,7/28/2011 20:21:00,39,7/28/2011 21:12:00,47,B00301,Casual,,,
347,394,Closed,300,7/28/2011 20:33:00,49,7/28/2011 20:38:00,36,B00366,Registered,02118,1989,Male
348,395,Closed,768,7/28/2011 20:34:00,8,7/28/2011 20:47:00,41,B00486,Casual,,,
349,396,Closed,701,7/28/2011 20:34:00,8,7/28/2011 20:46:00,41,B00149,Casual,,,
350,397,Closed,5625,7/28/2011 20:38:00,23,7/28/2011 22:12:00,40,B00036,Casual,,,
351,398,Closed,1183,7/28/2011 20:40:00,8,7/28/2011 20:59:00,18,B00310,Casual,,,
352,399,Closed,1201,7/28/2011 20:39:00,8,7/28/2011 20:59:00,18,B00007,Casual,,,
353,400,Closed,394,7/28/2011 20:41:00,5,7/28/2011 20:48:00,46,B00042,Casual,,,
354,401,Closed,1190,7/28/2011 20:42:00,25,7/28/2011 21:02:00,25,B00298,Registered,02116,1973,Female
355,402,Closed,534,7/28/2011 20:43:00,46,7/28/2011 20:51:00,45,B00431,Registered,02215,1984,Male
356,403,Closed,46237,7/28/2011 20:44:00,23,7/29/2011 09:35:00,31,B00240,Casual,,,
357,404,Closed,938,7/28/2011 20:47:00,36,7/28/2011 21:03:00,49,B00507,Casual,,,
358,405,Closed,829,7/28/2011 20:49:00,36,7/28/2011 21:03:00,49,B00280,Casual,,,
359,407,Closed,447,7/28/2011 21:01:00,21,7/28/2011 21:09:00,25,B00278,Registered,02118,1989,Male
360,408,Closed,437,7/28/2011 21:03:00,23,7/28/2011 21:10:00,6,B00232,Casual,,,
361,409,Closed,2575,7/28/2011 21:05:00,25,7/28/2011 21:47:00,43,B00389,Registered,02116,1973,Female
362,410,Closed,1751,7/28/2011 21:06:00,16,7/28/2011 21:36:00,6,B00274,Registered,02114,1970,Male
363,411,Closed,593,7/28/2011 21:07:00,9,7/28/2011 21:16:00,8,B00053,Registered,02135,1961,Male
364,412,Closed,596,7/28/2011 21:19:00,26,7/28/2011 21:29:00,26,B00066,Casual,,,
365,413,Closed,578,7/28/2011 21:18:00,26,7/28/2011 21:28:00,26,B00400,Casual,,,
366,414,Closed,859,7/28/2011 21:25:00,47,7/28/2011 21:39:00,43,B00580,Casual,,,
367,415,Closed,833,7/28/2011 21:25:00,47,7/28/2011 21:39:00,43,B00045,Casual,,,
368,416,Closed,1202,7/28/2011 21:31:00,23,7/28/2011 21:51:00,36,B00057,Casual,,,
369,417,Closed,1161,7/28/2011 21:31:00,23,7/28/2011 21:51:00,36,B00557,Casual,,,
370,418,Closed,464,7/28/2011 21:35:00,46,7/28/2011 21:43:00,5,B00429,Casual,,,
371,419,Closed,386,7/28/2011 21:42:00,25,7/28/2011 21:48:00,25,B00414,Registered,02118,1982,Male
372,420,Closed,2569,7/28/2011 21:46:00,40,7/28/2011 22:29:00,40,B00276,Casual,,,
373,421,Closed,2568,7/28/2011 21:46:00,40,7/28/2011 22:29:00,40,B00396,Casual,,,
374,422,Closed,298,7/28/2011 21:47:00,42,7/28/2011 21:51:00,36,B00330,Casual,,,
375,423,Closed,321,7/28/2011 21:46:00,42,7/28/2011 21:52:00,36,B00385,Casual,,,
376,424,Closed,678,7/28/2011 21:51:00,22,7/28/2011 22:02:00,39,B00360,Casual,,,
377,425,Closed,477,7/28/2011 21:56:00,43,7/28/2011 22:04:00,23,B00580,Casual,,,
378,426,Closed,516,7/28/2011 21:56:00,43,7/28/2011 22:05:00,23,B00045,Casual,,,
379,427,Closed,3486,7/28/2011 21:55:00,43,7/28/2011 22:53:00,25,B00389,Registered,02116,1973,Female
380,428,Closed,1260,7/28/2011 21:57:00,46,7/28/2011 22:18:00,22,B00190,Registered,02140,1972,Male
381,429,Closed,1515,7/28/2011 22:01:00,32,7/28/2011 22:26:00,32,B00131,Casual,,,
382,430,Closed,1552,7/28/2011 22:00:00,32,7/28/2011 22:26:00,32,B00456,Casual,,,
383,431,Closed,803,7/28/2011 22:02:00,42,7/28/2011 22:16:00,3,B00457,Registered,02113,1986,Male
384,432,Closed,1346,7/28/2011 22:04:00,8,7/28/2011 22:26:00,9,B00411,Casual,,,
385,433,Closed,1274,7/28/2011 22:05:00,8,7/28/2011 22:26:00,9,B00349,Casual,,,
386,434,Closed,711,7/28/2011 22:13:00,12,7/28/2011 22:25:00,12,B00492,Casual,,,
387,435,Closed,679,7/28/2011 22:13:00,12,7/28/2011 22:25:00,12,B00095,Casual,,,
388,436,Closed,1599,7/28/2011 22:14:00,33,7/28/2011 22:40:00,36,B00223,Registered,02129,1980,Male
389,437,Closed,1593,7/28/2011 22:14:00,33,7/28/2011 22:40:00,36,B00124,Registered,02129,1981,Female
390,438,Closed,543,7/28/2011 22:16:00,12,7/28/2011 22:25:00,12,B00122,Casual,,,
391,439,Closed,1352,7/28/2011 22:22:00,35,7/28/2011 22:44:00,21,B00439,Casual,,,
392,440,Closed,1381,7/28/2011 22:21:00,35,7/28/2011 22:44:00,21,B00121,Casual,,,
393,441,Closed,1836,7/28/2011 22:23:00,44,7/28/2011 22:53:00,36,B00110,Casual,,,
394,442,Closed,1375,7/28/2011 22:23:00,6,7/28/2011 22:46:00,41,B00359,Casual,,,
395,443,Closed,1834,7/28/2011 22:23:00,44,7/28/2011 22:54:00,36,B00024,Casual,,,
396,444,Closed,36,7/28/2011 22:36:00,43,7/28/2011 22:37:00,43,B00170,Registered,02446,1983,Female
397,445,Closed,1420,7/28/2011 22:40:00,47,7/28/2011 23:04:00,24,B00025,Casual,,,
398,446,Closed,793,7/28/2011 22:42:00,36,7/28/2011 22:55:00,33,B00231,Registered,02129,1981,Female
399,447,Closed,789,7/28/2011 22:42:00,36,7/28/2011 22:55:00,33,B00557,Registered,02129,1980,Male
400,448,Closed,723,7/28/2011 22:52:00,31,7/28/2011 23:04:00,35,B00454,Registered,02144,1978,Male
401,449,Closed,1241,7/28/2011 22:54:00,21,7/28/2011 23:14:00,21,B00121,Casual,,,
402,450,Closed,1234,7/28/2011 22:54:00,21,7/28/2011 23:14:00,21,B00439,Casual,,,
403,451,Closed,851,7/28/2011 22:54:00,43,7/28/2011 23:08:00,25,B00170,Registered,02118,1980,Male
404,452,Closed,230,7/28/2011 22:58:00,23,7/28/2011 23:01:00,23,B00375,Registered,02116,1976,Male
405,453,Closed,1700,7/28/2011 23:05:00,47,7/28/2011 23:33:00,36,B00394,Casual,,,
406,454,Closed,1534,7/28/2011 23:08:00,47,7/28/2011 23:34:00,36,B00550,Casual,,,
407,455,Closed,1775,7/28/2011 23:09:00,22,7/28/2011 23:38:00,12,B00426,Casual,,,
408,456,Closed,5774,7/28/2011 23:15:00,21,7/29/2011 00:52:00,38,B00217,Casual,,,
409,458,Closed,1549,7/28/2011 23:33:00,45,7/28/2011 23:59:00,45,B00052,Casual,,,
410,459,Closed,210,7/28/2011 23:32:00,17,7/28/2011 23:36:00,17,B00050,Registered,02163,1986,Male
411,460,Closed,1549,7/28/2011 23:33:00,45,7/28/2011 23:59:00,45,B00431,Casual,,,
412,461,Closed,1291,7/28/2011 23:38:00,23,7/28/2011 23:59:00,21,B00316,Casual,,,
413,462,Closed,82057,7/28/2011 23:39:00,21,7/29/2011 22:27:00,27,B00293,Casual,,,
414,463,Closed,82031,7/28/2011 23:39:00,21,7/29/2011 22:26:00,27,B00121,Casual,,,
415,464,Closed,592,7/28/2011 23:39:00,33,7/28/2011 23:49:00,42,B00585,Registered,02113,1986,Male
416,465,Closed,590,7/28/2011 23:39:00,33,7/28/2011 23:49:00,42,B00557,Registered,02114,1986,Male
417,467,Closed,1073,7/28/2011 23:42:00,23,7/29/2011 00:00:00,21,B00045,Casual,,,
418,468,Closed,705,7/28/2011 23:51:00,44,7/29/2011 00:03:00,16,B00258,Casual,,,
419,469,Closed,696,7/28/2011 23:51:00,49,7/29/2011 00:03:00,25,B00280,Registered,02118,1959,Female
420,470,Closed,743,7/28/2011 23:51:00,42,7/29/2011 00:04:00,47,B00557,Registered,02113,1986,Male
421,472,Closed,1266,7/28/2011 23:55:00,38,7/29/2011 00:16:00,33,B00218,Casual,,,
422,473,Closed,2929,7/28/2011 23:56:00,47,7/29/2011 00:45:00,17,B00368,Casual,,,
423,474,Closed,2803,7/28/2011 23:59:00,47,7/29/2011 00:46:00,17,B00081,Casual,,,
424,475,Closed,2781,7/28/2011 23:59:00,47,7/29/2011 00:46:00,17,B00479,Casual,,,
425,476,Closed,3611,7/29/2011 00:05:00,33,7/29/2011 01:05:00,41,B00231,Casual,,,
426,477,Closed,4108,7/29/2011 00:05:00,33,7/29/2011 01:13:00,33,B00469,Casual,,,
427,478,Closed,226,7/29/2011 00:09:00,30,7/29/2011 00:12:00,11,B00187,Registered,02446,1983,Male
428,479,Closed,8199,7/29/2011 00:14:00,42,7/29/2011 02:30:00,42,B00040,Casual,,,
429,480,Closed,1540,7/29/2011 00:15:00,11,7/29/2011 00:40:00,11,B00187,Registered,02446,1983,Male
430,481,Closed,2792,7/29/2011 00:17:00,32,7/29/2011 01:04:00,32,B00131,Casual,,,
431,482,Closed,2780,7/29/2011 00:17:00,32,7/29/2011 01:04:00,32,B00536,Casual,,,
432,483,Closed,677,7/29/2011 00:42:00,22,7/29/2011 00:53:00,40,B00514,Casual,,,
433,484,Closed,657,7/29/2011 00:42:00,22,7/29/2011 00:53:00,40,B00190,Casual,,,
434,485,Closed,869,7/29/2011 01:12:00,36,7/29/2011 01:26:00,47,B00124,Registered,02113,1970,Male
435,486,Closed,2310,7/29/2011 01:27:00,33,7/29/2011 02:05:00,41,B00218,Casual,,,
436,487,Closed,24171,7/29/2011 01:31:00,35,7/29/2011 08:14:00,36,B00454,Casual,,,
437,489,Closed,1162,7/29/2011 01:44:00,24,7/29/2011 02:04:00,47,B00025,Casual,,,
438,490,Closed,1151,7/29/2011 01:45:00,24,7/29/2011 02:04:00,47,B00034,Casual,,,
439,491,Closed,50870,7/29/2011 01:52:00,30,7/29/2011 15:59:00,12,B00174,Casual,,,
440,493,Closed,1511,7/29/2011 02:11:00,8,7/29/2011 02:38:00,42,B00196,Casual,,,
441,494,Closed,274,7/29/2011 02:23:00,39,7/29/2011 02:27:00,39,B00423,Registered,02118,1974,Male
442,495,Closed,392,7/29/2011 04:54:00,41,7/29/2011 05:01:00,10,B00198,Casual,,,
443,496,Closed,25720,7/29/2011 05:11:00,38,7/29/2011 12:19:00,40,B00275,Casual,,,
444,498,Closed,1619,7/29/2011 05:36:00,22,7/29/2011 06:03:00,22,B00493,Casual,,,
445,499,Closed,1646,7/29/2011 05:36:00,22,7/29/2011 06:04:00,22,B00485,Casual,,,
446,500,Closed,212,7/29/2011 06:07:00,22,7/29/2011 06:10:00,48,B00474,Registered,02351,1978,Male
447,501,Closed,1112,7/29/2011 06:21:00,36,7/29/2011 06:39:00,14,B00390,Registered,02116,1979,Female
448,502,Closed,427,7/29/2011 06:30:00,38,7/29/2011 06:37:00,48,B00217,Casual,,,
449,503,Closed,424,7/29/2011 06:42:00,22,7/29/2011 06:49:00,42,B00562,Registered,02025,1971,Male
450,505,Closed,9703,7/29/2011 06:57:00,22,7/29/2011 09:38:00,48,B00485,Casual,,,
451,506,Closed,597,7/29/2011 07:01:00,16,7/29/2011 07:11:00,13,B00466,Casual,,,
452,507,Closed,782,7/29/2011 07:04:00,23,7/29/2011 07:17:00,23,B00580,Registered,02134,1985,Male
453,508,Closed,298,7/29/2011 07:11:00,40,7/29/2011 07:16:00,48,B00514,Casual,,,
454,509,Closed,505,7/29/2011 07:12:00,38,7/29/2011 07:21:00,35,B00339,Casual,,,
455,510,Closed,723,7/29/2011 07:27:00,22,7/29/2011 07:39:00,36,B00528,Registered,02359,1980,Male
456,511,Closed,481,7/29/2011 07:28:00,22,7/29/2011 07:36:00,6,B00136,Registered,02035,1963,Female
457,512,Closed,512,7/29/2011 07:29:00,38,7/29/2011 07:37:00,35,B00539,Registered,02176,1960,Male
458,513,Closed,551,7/29/2011 07:31:00,22,7/29/2011 07:40:00,6,B00076,Registered,02458,1961,Male
459,514,Closed,267,7/29/2011 07:31:00,23,7/29/2011 07:36:00,35,B00580,Registered,02446,1978,Male
460,517,Closed,12692,7/29/2011 07:38:00,40,7/29/2011 11:10:00,40,B00488,Casual,,,
461,519,Closed,167,7/29/2011 07:39:00,36,7/29/2011 07:42:00,16,B00394,Registered,02474,1946,Male
462,520,Closed,875,7/29/2011 07:39:00,6,7/29/2011 07:54:00,36,B00232,Registered,02114,1983,Male
463,521,Closed,639,7/29/2011 07:41:00,39,7/29/2011 07:51:00,35,B00099,Casual,,,
464,522,Closed,920,7/29/2011 07:39:00,46,7/29/2011 07:55:00,41,B00505,Registered,02118,1989,Male
465,523,Closed,321,7/29/2011 07:41:00,42,7/29/2011 07:46:00,16,B00196,Casual,,,
466,524,Closed,285,7/29/2011 07:45:00,35,7/29/2011 07:50:00,43,B00539,Casual,,,
467,525,Closed,604,7/29/2011 07:45:00,38,7/29/2011 07:55:00,43,B00304,Registered,01890,1978,Male
468,526,Closed,1502,7/29/2011 07:45:00,47,7/29/2011 08:10:00,25,B00124,Registered,02116,1976,Male
469,527,Closed,280,7/29/2011 07:45:00,23,7/29/2011 07:50:00,23,B00340,Registered,02124,1979,Male
470,528,Closed,370,7/29/2011 07:46:00,38,7/29/2011 07:52:00,43,B00460,Casual,,,
471,529,Closed,818,7/29/2011 07:46:00,16,7/29/2011 08:00:00,48,B00490,Registered,02143,1981,Male
472,530,Closed,827,7/29/2011 07:49:00,38,7/29/2011 08:03:00,35,B00228,Casual,,,
473,531,Closed,361,7/29/2011 07:49:00,38,7/29/2011 07:55:00,31,B00547,Registered,01719,1971,Male
474,532,Closed,334,7/29/2011 07:51:00,38,7/29/2011 07:57:00,40,B00151,Registered,01740,1957,Male
475,533,Closed,393,7/29/2011 07:55:00,33,7/29/2011 08:02:00,5,B00379,Registered,02215,1962,Male
476,534,Closed,6064,7/29/2011 07:58:00,21,7/29/2011 09:39:00,21,B00045,Casual,,,
477,535,Closed,6049,7/29/2011 07:58:00,21,7/29/2011 09:39:00,21,B00316,Casual,,,
478,536,Closed,2235,7/29/2011 08:04:00,44,7/29/2011 08:42:00,44,B00111,Casual,,,
479,537,Closed,925,7/29/2011 08:04:00,25,7/29/2011 08:19:00,23,B00414,Registered,02118,1978,Female
480,538,Closed,323,7/29/2011 08:10:00,25,7/29/2011 08:15:00,16,B00280,Casual,,,
481,539,Closed,7173,7/29/2011 08:13:00,16,7/29/2011 10:13:00,5,B00465,Casual,,,
482,540,Closed,535,7/29/2011 08:14:00,25,7/29/2011 08:23:00,49,B00278,Registered,02118,1960,Male
483,541,Closed,1292,7/29/2011 08:17:00,16,7/29/2011 08:38:00,13,B00002,Casual,,,
484,542,Closed,712,7/29/2011 08:20:00,36,7/29/2011 08:32:00,12,B00330,Casual,,,
485,543,Closed,1143,7/29/2011 08:19:00,16,7/29/2011 08:38:00,13,B00279,Casual,,,
486,544,Closed,1421,7/29/2011 08:19:00,43,7/29/2011 08:43:00,21,B00304,Registered,02061,1966,Male
487,545,Closed,338,7/29/2011 08:20:00,33,7/29/2011 08:26:00,21,B00469,Casual,,,
488,546,Closed,419,7/29/2011 08:22:00,16,7/29/2011 08:29:00,42,B00495,Casual,,,
489,547,Closed,734,7/29/2011 08:24:00,47,7/29/2011 08:37:00,49,B00025,Casual,,,
490,548,Closed,225,7/29/2011 08:26:00,23,7/29/2011 08:30:00,23,B00340,Registered,02144,1958,Male
491,549,Closed,556,7/29/2011 08:27:00,25,7/29/2011 08:37:00,49,B00153,Registered,02118,1971,Male
492,550,Closed,687,7/29/2011 08:31:00,33,7/29/2011 08:43:00,25,B00412,Casual,,,
493,551,Closed,474,7/29/2011 08:32:00,23,7/29/2011 08:40:00,23,B00414,Casual,,,
494,552,Closed,451,7/29/2011 08:33:00,42,7/29/2011 08:41:00,22,B00585,Casual,,,
495,553,Closed,718,7/29/2011 08:33:00,40,7/29/2011 08:45:00,35,B00480,Registered,02109,1959,Male
496,554,Closed,586,7/29/2011 08:33:00,38,7/29/2011 08:43:00,42,B00109,Registered,01886,1968,Male
497,555,Closed,682,7/29/2011 08:35:00,39,7/29/2011 08:46:00,22,B00360,Casual,,,
498,556,Closed,1085,7/29/2011 08:36:00,23,7/29/2011 08:54:00,46,B00340,Registered,02139,1986,Male
499,557,Closed,524,7/29/2011 08:38:00,21,7/29/2011 08:47:00,42,B00469,Registered,02116,1979,Male
500,558,Closed,407,7/29/2011 08:39:00,22,7/29/2011 08:45:00,42,B00032,Registered,01720,1966,Male
501,559,Closed,1207,7/29/2011 08:39:00,46,7/29/2011 09:00:00,48,B00042,Casual,,,
502,560,Closed,336,7/29/2011 08:40:00,38,7/29/2011 08:45:00,44,B00101,Registered,01915,1963,Male
503,561,Closed,1249,7/29/2011 08:41:00,33,7/29/2011 09:02:00,42,B00408,Registered,02129,1980,Male
504,562,Closed,1262,7/29/2011 08:41:00,33,7/29/2011 09:02:00,42,B00358,Registered,02129,1981,Female
505,563,Closed,728,7/29/2011 08:44:00,27,7/29/2011 08:57:00,49,B00410,Registered,02130,1984,Male
506,564,Closed,1087,7/29/2011 08:46:00,25,7/29/2011 09:04:00,48,B00233,Casual,,,
507,565,Closed,1903,7/29/2011 08:52:00,9,7/29/2011 09:24:00,38,B00354,Casual,,,
508,566,Closed,920,7/29/2011 08:52:00,40,7/29/2011 09:07:00,22,B00151,Casual,,,
509,568,Closed,742,7/29/2011 08:54:00,38,7/29/2011 09:06:00,22,B00013,Registered,01890,1950,Male
510,569,Closed,692,7/29/2011 08:55:00,38,7/29/2011 09:07:00,48,B00543,Casual,,,
511,570,Closed,931,7/29/2011 08:55:00,22,7/29/2011 09:11:00,38,B00487,Registered,02030,1962,Female
512,571,Closed,9408,7/29/2011 08:56:00,25,7/29/2011 11:33:00,48,B00389,Registered,02118,1980,Male
513,572,Closed,238,7/29/2011 08:57:00,16,7/29/2011 09:01:00,25,B00196,Registered,02116,1973,Male
514,573,Closed,545,7/29/2011 09:01:00,38,7/29/2011 09:10:00,35,B00077,Registered,01773,1950,Male
515,574,Closed,163,7/29/2011 09:02:00,33,7/29/2011 09:04:00,34,B00113,Registered,02138,1981,Male
516,575,Closed,399,7/29/2011 09:10:00,45,7/29/2011 09:16:00,10,B00363,Registered,02215,1974,Male
517,576,Closed,592,7/29/2011 09:18:00,26,7/29/2011 09:28:00,14,B00066,Registered,02118,1962,Male
518,577,Closed,682,7/29/2011 09:19:00,25,7/29/2011 09:31:00,36,B00407,Registered,02116,1970,Male
519,578,Closed,240,7/29/2011 09:19:00,23,7/29/2011 09:23:00,23,B00414,Registered,02143,1985,Male
520,579,Closed,716,7/29/2011 09:26:00,47,7/29/2011 09:38:00,24,B00557,Casual,,,
521,580,Closed,852,7/29/2011 09:26:00,25,7/29/2011 09:41:00,10,B00298,Casual,,,
522,581,Closed,406,7/29/2011 09:35:00,38,7/29/2011 09:42:00,31,B00047,Registered,02478,1964,Male
523,582,Closed,390,7/29/2011 09:42:00,46,7/29/2011 09:48:00,21,B00415,Registered,01742,1976,Female
524,583,Closed,605,7/29/2011 09:52:00,23,7/29/2011 10:02:00,23,B00375,Registered,02461,1948,Male
525,584,Closed,890,7/29/2011 09:54:00,22,7/29/2011 10:09:00,24,B00013,Registered,02420,1958,Male
526,585,Closed,1371,7/29/2011 09:55:00,47,7/29/2011 10:18:00,5,B00034,Casual,,,
527,586,Closed,16508,7/29/2011 09:57:00,39,7/29/2011 14:33:00,39,B00423,Casual,,,
528,587,Closed,344,7/29/2011 10:00:00,22,7/29/2011 10:06:00,40,B00151,Registered,01760,1968,Male
529,588,Closed,1608,7/29/2011 10:06:00,39,7/29/2011 10:32:00,43,B00404,Registered,02118,1977,Male
530,589,Closed,447,7/29/2011 10:16:00,41,7/29/2011 10:24:00,8,B00218,Casual,,,
531,590,Closed,734,7/29/2011 10:18:00,43,7/29/2011 10:30:00,48,B00539,Registered,02110,1988,Female
532,591,Closed,745,7/29/2011 10:21:00,13,7/29/2011 10:33:00,36,B00466,Casual,,,
533,592,Closed,2753,7/29/2011 10:22:00,48,7/29/2011 11:08:00,22,B00217,Casual,,,
534,593,Closed,2768,7/29/2011 10:23:00,48,7/29/2011 11:09:00,22,B00514,Casual,,,
535,594,Closed,918,7/29/2011 10:24:00,42,7/29/2011 10:40:00,47,B00358,Casual,,,
536,595,Closed,357,7/29/2011 10:27:00,23,7/29/2011 10:33:00,38,B00414,Registered,02025,1971,Male
537,596,Closed,462,7/29/2011 10:33:00,12,7/29/2011 10:41:00,36,B00330,Registered,02215,1962,Male
538,597,Closed,1305,7/29/2011 10:40:00,48,7/29/2011 11:01:00,13,B00485,Registered,02110,1988,Female
539,598,Closed,860,7/29/2011 10:52:00,42,7/29/2011 11:06:00,47,B00408,Casual,,,
540,599,Closed,39696,7/29/2011 10:55:00,30,7/29/2011 21:57:00,30,B00189,Casual,,,
541,600,Closed,1182,7/29/2011 10:57:00,39,7/29/2011 11:17:00,38,B00320,Registered,02118,1959,Male
542,601,Closed,526,7/29/2011 11:00:00,27,7/29/2011 11:08:00,21,B00353,Casual,,,
543,604,Closed,1478,7/29/2011 11:05:00,22,7/29/2011 11:30:00,44,B00360,Casual,,,
544,605,Closed,923,7/29/2011 11:07:00,36,7/29/2011 11:22:00,25,B00466,Casual,,,
545,606,Closed,5278,7/29/2011 11:10:00,42,7/29/2011 12:38:00,20,B00469,Casual,,,
546,607,Closed,2088,7/29/2011 11:09:00,42,7/29/2011 11:44:00,20,B00032,Casual,,,
547,611,Closed,170,7/29/2011 11:09:00,34,7/29/2011 11:12:00,34,B00113,Registered,02138,1981,Male
548,612,Closed,514,7/29/2011 11:10:00,44,7/29/2011 11:19:00,44,B00246,Casual,,,
549,613,Closed,1691,7/29/2011 11:14:00,48,7/29/2011 11:42:00,40,B00543,Casual,,,
550,614,Closed,752,7/29/2011 11:15:00,47,7/29/2011 11:27:00,49,B00358,Casual,,,
551,616,Closed,18073,7/29/2011 11:21:00,35,7/29/2011 16:22:00,35,B00099,Casual,,,
552,617,Closed,5521,7/29/2011 11:21:00,44,7/29/2011 12:53:00,44,B00527,Casual,,,
553,619,Closed,5445,7/29/2011 11:22:00,44,7/29/2011 12:53:00,44,B00246,Casual,,,
554,620,Closed,1288,7/29/2011 11:22:00,12,7/29/2011 11:43:00,21,B00492,Casual,,,
555,621,Closed,1162,7/29/2011 11:24:00,31,7/29/2011 11:44:00,46,B00240,Registered,02140,1980,Female
556,622,Closed,907,7/29/2011 11:29:00,8,7/29/2011 11:44:00,32,B00218,Casual,,,
557,623,Closed,490,7/29/2011 11:31:00,9,7/29/2011 11:39:00,10,B00329,Casual,,,
558,624,Closed,505,7/29/2011 11:31:00,9,7/29/2011 11:40:00,10,B00411,Casual,,,
559,625,Closed,671,7/29/2011 11:35:00,8,7/29/2011 11:46:00,10,B00159,Casual,,,
560,627,Closed,2168,7/29/2011 11:37:00,9,7/29/2011 12:13:00,9,B00349,Casual,,,
561,628,Closed,1803,7/29/2011 11:44:00,13,7/29/2011 12:14:00,23,B00279,Casual,,,
562,629,Closed,1321,7/29/2011 11:48:00,34,7/29/2011 12:10:00,48,B00183,Casual,,,
563,630,Closed,442,7/29/2011 11:48:00,38,7/29/2011 11:55:00,44,B00414,Registered,02144,1986,Male
564,631,Closed,564,7/29/2011 11:50:00,40,7/29/2011 11:59:00,22,B00151,Casual,,,
565,632,Closed,1148,7/29/2011 11:51:00,48,7/29/2011 12:10:00,48,B00389,Casual,,,
566,633,Closed,567,7/29/2011 11:50:00,40,7/29/2011 11:59:00,22,B00488,Casual,,,
567,634,Closed,1505,7/29/2011 11:51:00,31,7/29/2011 12:16:00,36,B00047,Casual,,,
568,635,Closed,1419,7/29/2011 11:53:00,31,7/29/2011 12:16:00,36,B00547,Casual,,,
569,636,Closed,1137,7/29/2011 11:53:00,22,7/29/2011 12:12:00,25,B00217,Casual,,,
570,637,Closed,383,7/29/2011 11:52:00,25,7/29/2011 11:59:00,42,B00393,Registered,02116,1976,Male
571,638,Closed,1927,7/29/2011 11:57:00,36,7/29/2011 12:29:00,47,B00232,Casual,,,
572,639,Closed,909,7/29/2011 12:01:00,9,7/29/2011 12:17:00,10,B00008,Casual,,,
573,640,Closed,6178,7/29/2011 12:04:00,23,7/29/2011 13:47:00,18,B00375,Casual,,,
574,641,Closed,993,7/29/2011 12:04:00,25,7/29/2011 12:21:00,21,B00466,Registered,02118,1981,Male
575,642,Closed,1472,7/29/2011 12:05:00,47,7/29/2011 12:30:00,16,B00301,Casual,,,
576,643,Closed,1448,7/29/2011 12:08:00,46,7/29/2011 12:32:00,41,B00215,Registered,02118,1959,Female
577,644,Closed,236,7/29/2011 12:10:00,40,7/29/2011 12:14:00,47,B00190,Registered,02127,1978,Male
578,645,Closed,5733,7/29/2011 12:11:00,44,7/29/2011 13:47:00,18,B00251,Casual,,,
579,646,Closed,1431,7/29/2011 12:16:00,21,7/29/2011 12:40:00,47,B00353,Registered,02118,1985,Male
580,647,Closed,3560,7/29/2011 12:19:00,44,7/29/2011 13:18:00,35,B00472,Casual,,,
581,648,Closed,1948,7/29/2011 12:18:00,40,7/29/2011 12:51:00,40,B00552,Registered,02109,1954,Male
582,649,Closed,92,7/29/2011 12:21:00,34,7/29/2011 12:23:00,32,B00004,Registered,02138,1981,Male
583,650,Closed,83,7/29/2011 12:23:00,12,7/29/2011 12:25:00,12,B00122,Registered,02131,1964,Female
584,651,Closed,415,7/29/2011 12:24:00,42,7/29/2011 12:31:00,16,B00562,Registered,02116,1979,Male
585,653,Closed,469,7/29/2011 12:29:00,23,7/29/2011 12:37:00,38,B00279,Registered,02144,1986,Male
586,654,Closed,293,7/29/2011 12:30:00,32,7/29/2011 12:35:00,14,B00004,Registered,02138,1981,Male
587,655,Closed,2202,7/29/2011 12:35:00,34,7/29/2011 13:11:00,44,B00113,Casual,,,
588,656,Closed,544,7/29/2011 12:35:00,36,7/29/2011 12:44:00,12,B00223,Registered,02215,1962,Male
589,657,Closed,1214,7/29/2011 12:37:00,18,7/29/2011 12:58:00,10,B00425,Casual,,,
590,658,Closed,302,7/29/2011 12:37:00,36,7/29/2011 12:42:00,21,B00385,Casual,,,
591,659,Closed,2097,7/29/2011 12:37:00,34,7/29/2011 13:12:00,44,B00166,Casual,,,
592,660,Closed,1962,7/29/2011 12:39:00,34,7/29/2011 13:12:00,44,B00018,Casual,,,
593,661,Closed,702,7/29/2011 12:39:00,27,7/29/2011 12:51:00,16,B00152,Registered,02128,1981,Female
594,663,Closed,1353,7/29/2011 12:40:00,10,7/29/2011 13:03:00,9,B00159,Casual,,,
595,665,Closed,1484,7/29/2011 12:41:00,36,7/29/2011 13:06:00,13,B00057,Casual,,,
596,666,Closed,643,7/29/2011 12:40:00,22,7/29/2011 12:51:00,44,B00514,Registered,02143,1985,Male
597,667,Closed,734,7/29/2011 12:40:00,12,7/29/2011 12:53:00,11,B00476,Registered,02131,1953,Male
598,668,Closed,670,7/29/2011 12:41:00,21,7/29/2011 12:53:00,42,B00492,Casual,,,
599,669,Closed,891,7/29/2011 12:42:00,42,7/29/2011 12:57:00,44,B00393,Casual,,,
600,670,Closed,725,7/29/2011 12:45:00,32,7/29/2011 12:57:00,8,B00218,Casual,,,
601,671,Closed,324,7/29/2011 12:45:00,14,7/29/2011 12:50:00,34,B00004,Registered,02138,1981,Male
602,672,Closed,371,7/29/2011 12:46:00,10,7/29/2011 12:52:00,41,B00298,Casual,,,
603,673,Closed,282,7/29/2011 12:48:00,16,7/29/2011 12:53:00,25,B00394,Casual,,,
604,674,Closed,1732,7/29/2011 12:51:00,45,7/29/2011 13:20:00,33,B00431,Casual,,,
605,675,Closed,1775,7/29/2011 12:51:00,45,7/29/2011 13:20:00,33,B00473,Casual,,,
606,676,Closed,670,7/29/2011 12:52:00,21,7/29/2011 13:03:00,21,B00385,Registered,01742,1976,Female
607,677,Closed,128,7/29/2011 12:52:00,31,7/29/2011 12:54:00,31,B00350,Registered,02139,1979,Female
608,678,Closed,8114,7/29/2011 12:53:00,8,7/29/2011 15:09:00,8,B00554,Casual,,,
609,679,Closed,579,7/29/2011 12:54:00,36,7/29/2011 13:03:00,25,B00528,Registered,02118,1981,Male
610,680,Closed,1230,7/29/2011 12:57:00,48,7/29/2011 13:18:00,34,B00183,Casual,,,
611,682,Closed,395,7/29/2011 13:01:00,32,7/29/2011 13:07:00,3,B00131,Casual,,,
612,683,Closed,558,7/29/2011 13:03:00,36,7/29/2011 13:12:00,35,B00139,Casual,,,
613,684,Closed,274,7/29/2011 13:03:00,11,7/29/2011 13:07:00,30,B00476,Registered,02461,1970,Male
614,685,Closed,533,7/29/2011 13:05:00,16,7/29/2011 13:13:00,52,B00564,Casual,,,
615,686,Closed,1072,7/29/2011 13:06:00,42,7/29/2011 13:24:00,35,B00040,Casual,,,
616,687,Closed,302,7/29/2011 13:06:00,25,7/29/2011 13:11:00,21,B00124,Registered,02116,1973,Female
617,688,Closed,444,7/29/2011 13:07:00,12,7/29/2011 13:18:00,16,B00426,Casual,,,
618,689,Closed,817,7/29/2011 13:08:00,44,7/29/2011 13:22:00,22,B00514,Registered,02143,1985,Male
619,690,Closed,1295,7/29/2011 13:10:00,44,7/29/2011 13:31:00,40,B00111,Casual,,,
620,691,Closed,1262,7/29/2011 13:10:00,44,7/29/2011 13:31:00,40,B00527,Casual,,,
621,692,Closed,3559,7/29/2011 13:12:00,24,7/29/2011 14:11:00,46,B00439,Casual,,,
622,693,Closed,3495,7/29/2011 13:13:00,24,7/29/2011 14:11:00,46,B00557,Casual,,,
623,695,Closed,1112,7/29/2011 13:15:00,22,7/29/2011 13:34:00,22,B00585,Casual,,,
624,696,Closed,3008,7/29/2011 13:14:00,41,7/29/2011 14:04:00,41,B00359,Casual,,,
625,697,Closed,1545,7/29/2011 13:18:00,47,7/29/2011 13:44:00,43,B00408,Casual,,,
626,699,Closed,1092,7/29/2011 13:19:00,33,7/29/2011 13:37:00,42,B00252,Casual,,,
627,700,Closed,4349,7/29/2011 13:20:00,40,7/29/2011 14:32:00,43,B00275,Casual,,,
628,701,Closed,4332,7/29/2011 13:20:00,40,7/29/2011 14:32:00,43,B00552,Casual,,,
629,702,Closed,4242,7/29/2011 13:21:00,40,7/29/2011 14:32:00,43,B00396,Casual,,,
630,703,Closed,4282,7/29/2011 13:21:00,40,7/29/2011 14:32:00,43,B00036,Casual,,,
631,704,Closed,4877,7/29/2011 13:23:00,16,7/29/2011 14:45:00,16,B00426,Casual,,,
632,705,Closed,197,7/29/2011 13:23:00,45,7/29/2011 13:27:00,45,B00052,Casual,,,
633,706,Closed,1386,7/29/2011 13:22:00,41,7/29/2011 13:46:00,6,B00215,Casual,,,
634,707,Closed,91834,7/29/2011 13:23:00,47,7/30/2011 14:54:00,36,B00232,Casual,,,
635,708,Closed,3248,7/29/2011 13:25:00,44,7/29/2011 14:19:00,44,B00166,Casual,,,
636,709,Closed,822,7/29/2011 13:23:00,36,7/29/2011 13:37:00,38,B00546,Registered,01966,1969,Male
637,710,Closed,3222,7/29/2011 13:25:00,44,7/29/2011 14:19:00,44,B00018,Casual,,,
638,711,Closed,283,7/29/2011 13:28:00,44,7/29/2011 13:33:00,20,B00246,Registered,02152,1982,Male
639,712,Closed,259,7/29/2011 13:29:00,3,7/29/2011 13:33:00,11,B00457,Registered,02130,1981,Male
640,713,Closed,444,7/29/2011 13:31:00,22,7/29/2011 13:39:00,20,B00151,Registered,02111,1975,Male
641,714,Closed,1186,7/29/2011 13:32:00,46,7/29/2011 13:52:00,31,B00240,Registered,02140,1980,Female
642,716,Closed,4268,7/29/2011 13:34:00,24,7/29/2011 14:45:00,38,B00013,Casual,,,
643,717,Closed,4272,7/29/2011 13:34:00,24,7/29/2011 14:45:00,38,B00487,Casual,,,
644,718,Closed,1946,7/29/2011 13:36:00,45,7/29/2011 14:09:00,36,,Casual,,,
645,719,Closed,355,7/29/2011 13:37:00,21,7/29/2011 13:43:00,36,B00124,Registered,02115,1965,Female
646,720,Closed,1285,7/29/2011 13:41:00,40,7/29/2011 14:03:00,22,B00527,Casual,,,
647,721,Closed,1256,7/29/2011 13:41:00,40,7/29/2011 14:02:00,22,B00111,Casual,,,
648,722,Closed,2055,7/29/2011 13:41:00,8,7/29/2011 14:16:00,22,B00178,Casual,,,
649,723,Closed,102,7/29/2011 13:43:00,31,7/29/2011 13:45:00,31,B00350,Registered,01719,1971,Male
650,724,Closed,539,7/29/2011 13:44:00,35,7/29/2011 13:53:00,42,B00139,Casual,,,
651,725,Closed,2727,7/29/2011 13:44:00,21,7/29/2011 14:30:00,31,B00385,Casual,,,
652,726,Closed,1642,7/29/2011 13:44:00,44,7/29/2011 14:11:00,36,B00393,Registered,02461,1948,Male
653,727,Closed,2694,7/29/2011 13:45:00,21,7/29/2011 14:30:00,31,B00316,Casual,,,
654,728,Closed,10011,7/29/2011 14:05:00,21,7/29/2011 16:52:00,21,B00045,Casual,,,
655,729,Closed,977,7/29/2011 14:06:00,25,7/29/2011 14:22:00,48,B00196,Casual,,,
656,731,Closed,1075,7/29/2011 14:11:00,36,7/29/2011 14:29:00,22,B00047,Casual,,,
657,732,Closed,1048,7/29/2011 14:13:00,22,7/29/2011 14:30:00,36,B00527,Casual,,,
658,733,Closed,1023,7/29/2011 14:14:00,22,7/29/2011 14:31:00,36,B00111,Casual,,,
659,735,Closed,1923,7/29/2011 14:12:00,8,7/29/2011 14:44:00,32,B00218,Registered,02135,1985,Male
660,736,Closed,1153,7/29/2011 14:13:00,43,7/29/2011 14:33:00,22,B00404,Casual,,,
661,737,Closed,376,7/29/2011 14:14:00,22,7/29/2011 14:20:00,44,B00488,Casual,,,
662,738,Closed,673,7/29/2011 14:18:00,11,7/29/2011 14:29:00,12,B00457,Registered,02131,1953,Male
663,739,Closed,866,7/29/2011 14:24:00,9,7/29/2011 14:38:00,46,B00159,Casual,,,
664,740,Closed,681,7/29/2011 14:23:00,52,7/29/2011 14:34:00,36,B00564,Casual,,,
665,741,Closed,395,7/29/2011 14:23:00,36,7/29/2011 14:30:00,21,B00454,Registered,02115,1965,Female
666,742,Closed,1037,7/29/2011 14:25:00,15,7/29/2011 14:43:00,15,B00156,Registered,02139,1986,Male
667,743,Closed,1138,7/29/2011 14:26:00,48,7/29/2011 14:45:00,39,B00196,Casual,,,
668,744,Closed,1118,7/29/2011 14:27:00,14,7/29/2011 14:45:00,21,B00066,Registered,02446,1983,Male
669,745,Closed,1975,7/29/2011 14:36:00,46,7/29/2011 15:09:00,43,B00340,Casual,,,
670,746,Closed,13590,7/29/2011 14:36:00,36,7/29/2011 18:22:00,10,B00547,Casual,,,
671,747,Closed,1984,7/29/2011 14:36:00,46,7/29/2011 15:09:00,43,B00557,Casual,,,
672,748,Closed,13581,7/29/2011 14:36:00,36,7/29/2011 18:22:00,10,B00124,Casual,,,
673,749,Closed,13480,7/29/2011 14:37:00,36,7/29/2011 18:22:00,10,,Casual,,,
674,750,Closed,1437,7/29/2011 14:40:00,44,7/29/2011 15:04:00,44,B00360,Casual,,,
675,751,Closed,667,7/29/2011 14:38:00,10,7/29/2011 14:49:00,36,B00083,Casual,,,
676,752,Closed,416,7/29/2011 14:38:00,36,7/29/2011 14:45:00,36,B00564,Casual,,,
677,753,Closed,3613,7/29/2011 14:40:00,47,7/29/2011 15:40:00,47,B00190,Casual,,,
678,754,Closed,824,7/29/2011 14:39:00,43,7/29/2011 14:53:00,43,B00460,Registered,02889,1969,Male
679,755,Closed,1096,7/29/2011 14:43:00,36,7/29/2011 15:02:00,14,B00527,Casual,,,
680,756,Closed,1094,7/29/2011 14:44:00,36,7/29/2011 15:02:00,14,B00111,Casual,,,
681,757,Closed,1976,7/29/2011 14:43:00,36,7/29/2011 15:16:00,41,B00550,Casual,,,
682,759,Closed,1242,7/29/2011 14:44:00,16,7/29/2011 15:04:00,27,B00301,Registered,02141,1958,Male
683,760,Closed,696,7/29/2011 14:48:00,15,7/29/2011 14:59:00,15,B00021,Registered,02139,1986,Male
684,761,Closed,638,7/29/2011 14:48:00,21,7/29/2011 14:58:00,14,B00066,Registered,02446,1983,Male
685,762,Closed,1697,7/29/2011 14:50:00,38,7/29/2011 15:18:00,10,B00320,Casual,,,
686,763,Closed,763,7/29/2011 14:51:00,36,7/29/2011 15:03:00,35,B00366,Casual,,,
687,764,Closed,214,7/29/2011 14:51:00,39,7/29/2011 14:55:00,39,B00196,Registered,02118,1974,Male
688,765,Closed,4370,7/29/2011 14:52:00,41,7/29/2011 16:05:00,41,B00355,Casual,,,
689,766,Closed,1042,7/29/2011 14:53:00,41,7/29/2011 15:10:00,41,B00115,Casual,,,
690,767,Closed,3002,7/29/2011 14:56:00,44,7/29/2011 15:46:00,31,B00166,Casual,,,
691,768,Closed,3012,7/29/2011 14:56:00,44,7/29/2011 15:46:00,31,B00414,Casual,,,
692,769,Closed,528,7/29/2011 14:55:00,36,7/29/2011 15:04:00,33,B00564,Casual,,,
693,770,Closed,12024,7/29/2011 14:58:00,39,7/29/2011 18:18:00,21,B00423,Casual,,,
694,771,Closed,1804,7/29/2011 15:00:00,21,7/29/2011 15:30:00,36,B00466,Casual,,,
695,772,Closed,1641,7/29/2011 15:02:00,21,7/29/2011 15:30:00,36,B00454,Casual,,,
696,773,Closed,10959,7/29/2011 15:01:00,11,7/29/2011 18:03:00,26,B00187,Registered,02118,1962,Male
697,774,Closed,1616,7/29/2011 15:03:00,21,7/29/2011 15:29:00,36,B00415,Casual,,,
698,775,Closed,1635,7/29/2011 15:03:00,21,7/29/2011 15:30:00,36,B00304,Casual,,,
699,776,Closed,482,7/29/2011 15:04:00,48,7/29/2011 15:12:00,48,B00490,Registered,02482,1967,Male
700,777,Closed,865,7/29/2011 15:06:00,46,7/29/2011 15:21:00,9,B00159,Casual,,,
701,778,Closed,3576,7/29/2011 15:06:00,44,7/29/2011 16:06:00,6,B00360,Casual,,,
702,782,Closed,1082,7/29/2011 15:05:00,45,7/29/2011 15:23:00,41,B00052,Registered,02135,1985,Male
703,783,Closed,1704,7/29/2011 15:05:00,36,7/29/2011 15:34:00,36,B00150,Registered,02115,1960,Female
704,784,Closed,501,7/29/2011 15:08:00,15,7/29/2011 15:16:00,15,B00427,Registered,02139,1986,Male
705,785,Closed,3361,7/29/2011 15:10:00,44,7/29/2011 16:06:00,6,B00488,Casual,,,
706,786,Closed,1469,7/29/2011 15:10:00,35,7/29/2011 15:34:00,42,B00228,Casual,,,
707,787,Closed,1292,7/29/2011 15:10:00,42,7/29/2011 15:31:00,52,B00252,Casual,,,
708,788,Closed,877,7/29/2011 15:10:00,27,7/29/2011 15:25:00,16,B00041,Registered,02141,1958,Male
709,789,Closed,1347,7/29/2011 15:13:00,14,7/29/2011 15:35:00,11,B00527,Casual,,,
710,790,Closed,1368,7/29/2011 15:13:00,14,7/29/2011 15:36:00,11,B00111,Casual,,,
711,791,Closed,1166,7/29/2011 15:18:00,10,7/29/2011 15:37:00,30,B00329,Casual,,,
712,792,Closed,1821,7/29/2011 15:18:00,36,7/29/2011 15:48:00,22,B00407,Registered,02465,1961,Male
713,793,Closed,2015,7/29/2011 15:24:00,36,7/29/2011 15:57:00,42,B00083,Casual,,,
714,794,Closed,764,7/29/2011 15:23:00,6,7/29/2011 15:35:00,22,B00136,Registered,02035,1963,Female
715,795,Closed,1565,7/29/2011 15:24:00,41,7/29/2011 15:50:00,41,B00115,Casual,,,
716,796,Closed,610,7/29/2011 15:26:00,12,7/29/2011 15:36:00,36,B00223,Casual,,,
717,797,Closed,2688,7/29/2011 15:29:00,41,7/29/2011 16:13:00,37,B00298,Casual,,,
718,799,Closed,1440,7/29/2011 15:32:00,22,7/29/2011 15:56:00,42,B00514,Registered,02114,1962,Male
719,800,Closed,1418,7/29/2011 15:36:00,14,7/29/2011 16:00:00,23,B00066,Casual,,,
720,801,Closed,1029,7/29/2011 15:39:00,31,7/29/2011 15:56:00,36,B00240,Registered,02478,1964,Male
721,802,Closed,1310,7/29/2011 15:43:00,11,7/29/2011 16:04:00,8,B00111,Casual,,,
722,803,Closed,1292,7/29/2011 15:43:00,11,7/29/2011 16:04:00,8,B00527,Casual,,,
723,804,Closed,184,7/29/2011 15:44:00,36,7/29/2011 15:47:00,52,B00223,Casual,,,
724,805,Closed,3199,7/29/2011 15:47:00,42,7/29/2011 16:41:00,6,B00492,Casual,,,
725,806,Closed,3201,7/29/2011 15:47:00,42,7/29/2011 16:40:00,6,B00228,Casual,,,
726,807,Closed,1514,7/29/2011 15:44:00,49,7/29/2011 16:10:00,17,B00132,Registered,02155,1986,Female
727,808,Closed,882,7/29/2011 15:47:00,43,7/29/2011 16:02:00,16,B00460,Registered,02889,1969,Male
728,809,Closed,462,7/29/2011 15:49:00,35,7/29/2011 15:56:00,38,B00077,Casual,,,
729,810,Closed,2561,7/29/2011 15:52:00,36,7/29/2011 16:35:00,15,B00454,Casual,,,
730,811,Closed,2440,7/29/2011 15:55:00,36,7/29/2011 16:35:00,15,B00150,Casual,,,
731,812,Closed,143,7/29/2011 15:53:00,38,7/29/2011 15:56:00,6,B00546,Registered,02144,1986,Male
732,813,Closed,2389,7/29/2011 15:55:00,36,7/29/2011 16:35:00,15,B00415,Casual,,,
733,814,Closed,2400,7/29/2011 15:55:00,36,7/29/2011 16:35:00,15,B00466,Casual,,,
734,815,Closed,2900,7/29/2011 16:02:00,43,7/29/2011 16:50:00,46,B00340,Casual,,,
735,816,Closed,2908,7/29/2011 16:02:00,43,7/29/2011 16:50:00,46,B00396,Casual,,,
736,817,Closed,2568,7/29/2011 16:02:00,42,7/29/2011 16:45:00,44,B00109,Casual,,,
737,818,Closed,821,7/29/2011 16:03:00,41,7/29/2011 16:16:00,41,B00359,Casual,,,
738,819,Closed,2573,7/29/2011 16:06:00,42,7/29/2011 16:49:00,42,B00139,Casual,,,
739,821,Closed,473,7/29/2011 16:06:00,34,7/29/2011 16:14:00,21,B00530,Registered,02138,1981,Male
740,822,Closed,597,7/29/2011 16:06:00,42,7/29/2011 16:16:00,43,B00495,Registered,02025,1971,Male
741,823,Closed,2540,7/29/2011 16:07:00,42,7/29/2011 16:49:00,42,B00514,Casual,,,
742,825,Closed,249,7/29/2011 16:08:00,44,7/29/2011 16:12:00,38,B00018,Casual,,,
743,826,Closed,904,7/29/2011 16:11:00,46,7/29/2011 16:26:00,9,B00439,Casual,,,
744,827,Closed,393,7/29/2011 16:08:00,49,7/29/2011 16:14:00,22,B00025,Registered,02116,1976,Male
745,828,Closed,1140,7/29/2011 16:10:00,36,7/29/2011 16:29:00,38,B00240,Casual,,,
746,829,Closed,819,7/29/2011 16:10:00,12,7/29/2011 16:24:00,33,B00122,Registered,02215,1962,Male
747,830,Closed,329,7/29/2011 16:17:00,49,7/29/2011 16:23:00,22,B00507,Registered,01720,1966,Male
748,831,Closed,311,7/29/2011 16:21:00,48,7/29/2011 16:26:00,38,B00389,Casual,,,
749,832,Closed,901,7/29/2011 16:20:00,36,7/29/2011 16:35:00,38,B00016,Registered,01886,1968,Male
750,834,Closed,2254,7/29/2011 16:23:00,44,7/29/2011 17:01:00,44,B00113,Casual,,,
751,835,Closed,1554,7/29/2011 16:22:00,23,7/29/2011 16:48:00,22,B00066,Registered,02136,1952,Male
752,836,Closed,708,7/29/2011 16:23:00,38,7/29/2011 16:34:00,22,B00013,Registered,02030,1962,Female
753,837,Closed,1061,7/29/2011 16:24:00,16,7/29/2011 16:41:00,16,B00041,Casual,,,
754,838,Closed,600,7/29/2011 16:25:00,36,7/29/2011 16:35:00,22,B00110,Registered,02359,1980,Male
755,839,Closed,567,7/29/2011 16:25:00,16,7/29/2011 16:35:00,42,B00460,Registered,02108,1983,Male
756,840,Closed,596,7/29/2011 16:26:00,36,7/29/2011 16:36:00,35,B00330,Registered,02118,1978,Female
757,841,Closed,3275,7/29/2011 16:27:00,21,7/29/2011 17:22:00,21,B00530,Casual,,,
758,842,Closed,510,7/29/2011 16:27:00,44,7/29/2011 16:36:00,35,B00392,Registered,02143,1986,Female
759,843,Closed,1435,7/29/2011 16:28:00,6,7/29/2011 16:52:00,9,B00546,Casual,,,
760,844,Closed,4117,7/29/2011 16:28:00,25,7/29/2011 17:37:00,9,B00394,Casual,,,
761,845,Closed,1715,7/29/2011 16:30:00,40,7/29/2011 16:59:00,46,B00023,Casual,,,
762,847,Closed,1706,7/29/2011 16:31:00,40,7/29/2011 16:59:00,46,B00281,Casual,,,
763,849,Closed,376,7/29/2011 16:30:00,10,7/29/2011 16:37:00,32,B00363,Registered,02215,1974,Male
764,850,Closed,957,7/29/2011 16:33:00,16,7/29/2011 16:49:00,30,B00258,Casual,,,
765,851,Closed,957,7/29/2011 16:33:00,16,7/29/2011 16:49:00,30,B00426,Casual,,,
766,852,Closed,1955,7/29/2011 16:35:00,35,7/29/2011 17:07:00,49,B00472,Casual,,,
767,853,Closed,653,7/29/2011 16:34:00,16,7/29/2011 16:45:00,43,B00280,Registered,02889,1969,Male
768,854,Closed,382,7/29/2011 16:35:00,3,7/29/2011 16:41:00,45,B00060,Casual,,,
769,855,Closed,7178,7/29/2011 16:39:00,43,7/29/2011 18:39:00,42,B00408,Casual,,,
770,856,Closed,7160,7/29/2011 16:39:00,43,7/29/2011 18:38:00,42,B00275,Casual,,,
771,857,Closed,1677,7/29/2011 16:40:00,36,7/29/2011 17:08:00,25,B00393,Casual,,,
772,858,Closed,930,7/29/2011 16:39:00,6,7/29/2011 16:54:00,36,B00076,Registered,01915,1972,Male
773,859,Closed,4006,7/29/2011 16:39:00,31,7/29/2011 17:46:00,40,B00166,Casual,,,
774,860,Closed,1828,7/29/2011 16:40:00,25,7/29/2011 17:11:00,25,B00528,Registered,02118,1981,Male
775,861,Closed,7069,7/29/2011 16:42:00,27,7/29/2011 18:40:00,27,B00446,Casual,,,
776,862,Closed,339,7/29/2011 16:41:00,48,7/29/2011 16:47:00,38,B00490,Casual,,,
777,863,Closed,148,7/29/2011 16:41:00,3,7/29/2011 16:43:00,3,B00548,Registered,02446,1986,Male
778,864,Closed,7053,7/29/2011 16:42:00,27,7/29/2011 18:40:00,27,B00093,Casual,,,
779,865,Closed,446,7/29/2011 16:42:00,35,7/29/2011 16:50:00,38,B00580,Registered,02176,1960,Male
780,866,Closed,1217,7/29/2011 16:46:00,16,7/29/2011 17:06:00,16,B00533,Casual,,,
781,867,Closed,1808,7/29/2011 16:43:00,10,7/29/2011 17:13:00,38,B00198,Casual,,,
782,868,Closed,1224,7/29/2011 16:46:00,16,7/29/2011 17:06:00,16,B00041,Casual,,,
783,869,Closed,9,7/29/2011 16:43:00,3,7/29/2011 16:44:00,3,B00548,Registered,02446,1986,Male
784,870,Closed,643,7/29/2011 16:46:00,42,7/29/2011 16:56:00,20,B00460,Casual,,,
785,871,Closed,469,7/29/2011 16:47:00,36,7/29/2011 16:55:00,25,B00304,Registered,02118,1959,Female
786,872,Closed,975,7/29/2011 16:48:00,49,7/29/2011 17:04:00,27,B00278,Registered,02130,1984,Male
787,873,Closed,267,7/29/2011 16:51:00,20,7/29/2011 16:55:00,47,B00151,Casual,,,
788,874,Closed,293,7/29/2011 16:50:00,20,7/29/2011 16:55:00,47,B00246,Casual,,,
789,875,Closed,118,7/29/2011 16:49:00,3,7/29/2011 16:51:00,3,B00548,Registered,02446,1986,Male
790,876,Closed,301,7/29/2011 16:50:00,46,7/29/2011 16:55:00,33,B00094,Casual,,,
791,877,Closed,522,7/29/2011 16:51:00,42,7/29/2011 17:00:00,16,B00514,Casual,,,
792,879,Closed,328,7/29/2011 16:52:00,46,7/29/2011 16:58:00,33,B00340,Registered,02215,1977,Male
793,880,Closed,1183,7/29/2011 16:54:00,35,7/29/2011 17:14:00,45,B00330,Casual,,,
794,881,Closed,622,7/29/2011 16:56:00,10,7/29/2011 17:06:00,41,B00411,Casual,,,
795,884,Closed,636,7/29/2011 16:57:00,40,7/29/2011 17:08:00,22,B00276,Registered,01760,1968,Male
796,885,Closed,1287,7/29/2011 17:01:00,48,7/29/2011 17:22:00,39,B00286,Registered,02446,1971,Male
797,886,Closed,659,7/29/2011 17:02:00,22,7/29/2011 17:13:00,38,B00025,Registered,01890,1950,Male
798,887,Closed,382,7/29/2011 17:03:00,20,7/29/2011 17:09:00,24,B00032,Registered,02139,1979,Female
799,888,Closed,396,7/29/2011 17:03:00,22,7/29/2011 17:10:00,49,B00585,Registered,01890,1978,Male
800,889,Closed,1187,7/29/2011 17:06:00,43,7/29/2011 17:25:00,25,B00495,Casual,,,
801,890,Closed,719,7/29/2011 17:06:00,36,7/29/2011 17:18:00,22,B00076,Casual,,,
802,891,Closed,249,7/29/2011 17:06:00,44,7/29/2011 17:10:00,38,B00165,Registered,01719,1971,Male
803,892,Closed,1155,7/29/2011 17:07:00,48,7/29/2011 17:26:00,25,B00539,Casual,,,
804,893,Closed,1468,7/29/2011 17:13:00,43,7/29/2011 17:38:00,39,B00557,Casual,,,
805,894,Closed,1679,7/29/2011 17:14:00,35,7/29/2011 17:42:00,43,B00339,Casual,,,
806,895,Closed,1119,7/29/2011 17:14:00,33,7/29/2011 17:32:00,36,B00340,Registered,02135,1966,Female
807,896,Closed,339,7/29/2011 17:15:00,43,7/29/2011 17:20:00,35,B00552,Casual,,,
808,898,Closed,4729,7/29/2011 17:17:00,14,7/29/2011 18:36:00,38,B00390,Casual,,,
809,899,Closed,9215,7/29/2011 17:20:00,44,7/29/2011 19:54:00,48,B00113,Casual,,,
810,900,Closed,9219,7/29/2011 17:20:00,44,7/29/2011 19:54:00,48,B00109,Casual,,,
811,901,Closed,1053,7/29/2011 17:23:00,34,7/29/2011 17:41:00,49,B00167,Casual,,,
812,902,Closed,254,7/29/2011 17:23:00,47,7/29/2011 17:27:00,31,B00556,Casual,,,
813,903,Closed,1072,7/29/2011 17:22:00,52,7/29/2011 17:40:00,23,B00223,Registered,02138,1981,Male
814,904,Closed,783,7/29/2011 17:22:00,35,7/29/2011 17:36:00,40,B00128,Registered,02109,1959,Male
815,905,Closed,1938,7/29/2011 17:26:00,9,7/29/2011 17:58:00,22,B00159,Registered,02191,1959,Male
816,906,Closed,1107,7/29/2011 17:29:00,3,7/29/2011 17:47:00,36,B00391,Registered,02116,1979,Female
817,907,Closed,2242,7/29/2011 17:32:00,38,7/29/2011 18:10:00,18,B00025,Casual,,,
818,908,Closed,652,7/29/2011 17:34:00,6,7/29/2011 17:45:00,44,B00228,Casual,,,
819,909,Closed,611,7/29/2011 17:35:00,6,7/29/2011 17:45:00,44,B00492,Casual,,,
820,910,Closed,7176,7/29/2011 17:37:00,52,7/29/2011 19:37:00,27,B00252,Casual,,,
821,911,Closed,983,7/29/2011 17:39:00,5,7/29/2011 17:55:00,5,B00565,Casual,,,
822,913,Closed,733,7/29/2011 17:40:00,48,7/29/2011 17:52:00,25,B00042,Registered,02118,1980,Male
823,914,Closed,318,7/29/2011 17:43:00,21,7/29/2011 17:48:00,25,B00045,Registered,02118,1978,Female
824,915,Closed,893,7/29/2011 17:44:00,20,7/29/2011 17:58:00,48,B00460,Casual,,,
825,916,Closed,1246,7/29/2011 17:47:00,48,7/29/2011 18:08:00,33,B00474,Casual,,,
826,917,Closed,376,7/29/2011 17:46:00,13,7/29/2011 17:53:00,39,B00057,Registered,02118,1974,Male
827,918,Closed,2842,7/29/2011 17:49:00,43,7/29/2011 18:36:00,40,B00280,Casual,,,
828,919,Closed,1045,7/29/2011 17:50:00,9,7/29/2011 18:07:00,42,B00439,Casual,,,
829,920,Closed,324,7/29/2011 17:49:00,10,7/29/2011 17:55:00,9,B00320,Registered,02127,1968,Male
830,921,Closed,1520,7/29/2011 17:51:00,44,7/29/2011 18:16:00,9,B00492,Registered,02144,1981,Male
831,922,Closed,782,7/29/2011 17:52:00,36,7/29/2011 18:05:00,9,B00340,Registered,02116,1983,Male
832,923,Closed,446,7/29/2011 17:55:00,40,7/29/2011 18:02:00,38,B00128,Registered,01740,1957,Male
833,924,Closed,73188,7/29/2011 18:00:00,41,7/30/2011 14:20:00,41,B00411,Casual,,,
834,925,Closed,73248,7/29/2011 18:00:00,41,7/30/2011 14:21:00,41,B00359,Casual,,,
835,926,Closed,972,7/29/2011 18:00:00,5,7/29/2011 18:16:00,42,B00465,Casual,,,
836,927,Closed,950,7/29/2011 18:00:00,5,7/29/2011 18:16:00,42,B00565,Casual,,,
837,928,Closed,711,7/29/2011 18:01:00,39,7/29/2011 18:13:00,39,B00196,Casual,,,
838,929,Closed,639,7/29/2011 18:00:00,48,7/29/2011 18:11:00,31,B00233,Casual,,,
839,930,Closed,1038,7/29/2011 18:00:00,39,7/29/2011 18:17:00,24,B00557,Registered,02446,1982,Male
840,931,Closed,187,7/29/2011 18:07:00,38,7/29/2011 18:10:00,38,B00016,Registered,02129,1986,Male
841,932,Closed,525,7/29/2011 18:11:00,48,7/29/2011 18:20:00,38,B00261,Casual,,,
842,933,Closed,57831,7/29/2011 18:14:00,38,7/30/2011 10:18:00,12,B00016,Casual,,,
843,934,Closed,12921,7/29/2011 18:15:00,36,7/29/2011 21:51:00,6,B00391,Casual,,,
844,935,Closed,1660,7/29/2011 18:14:00,31,7/29/2011 18:42:00,42,B00233,Casual,,,
845,936,Closed,643,7/29/2011 18:16:00,38,7/29/2011 18:27:00,43,B00354,Casual,,,
846,937,Closed,447,7/29/2011 18:16:00,48,7/29/2011 18:23:00,24,B00460,Registered,01915,1963,Male
847,938,Closed,3937,7/29/2011 18:17:00,44,7/29/2011 19:23:00,42,B00074,Casual,,,
848,939,Closed,3924,7/29/2011 18:17:00,44,7/29/2011 19:23:00,42,B00468,Casual,,,
849,940,Closed,11120,7/29/2011 18:17:00,36,7/29/2011 21:23:00,8,B00024,Casual,,,
850,942,Closed,1423,7/29/2011 18:20:00,21,7/29/2011 18:44:00,43,B00423,Registered,02061,1966,Male
851,943,Closed,678,7/29/2011 18:23:00,22,7/29/2011 18:35:00,39,B00047,Casual,,,
852,944,Closed,4131,7/29/2011 18:24:00,43,7/29/2011 19:32:00,47,B00036,Casual,,,
853,945,Closed,4135,7/29/2011 18:24:00,43,7/29/2011 19:32:00,47,B00339,Casual,,,
854,947,Closed,761,7/29/2011 18:28:00,22,7/29/2011 18:41:00,35,B00276,Registered,02130,1974,Male
855,948,Closed,211,7/29/2011 18:31:00,21,7/29/2011 18:34:00,52,B00530,Registered,02118,1987,Female
856,950,Closed,994,7/29/2011 18:32:00,31,7/29/2011 18:48:00,39,B00316,Registered,02118,1977,Male
857,951,Closed,683,7/29/2011 18:37:00,52,7/29/2011 18:48:00,16,B00530,Registered,02118,1987,Female
858,953,Closed,934,7/29/2011 18:44:00,6,7/29/2011 19:00:00,48,B00274,Registered,02114,1970,Male
859,954,Closed,608,7/29/2011 18:50:00,16,7/29/2011 19:01:00,49,B00514,Registered,02118,1987,Female
860,955,Closed,1639,7/29/2011 18:53:00,23,7/29/2011 19:20:00,41,B00223,Casual,,,
861,956,Closed,1778,7/29/2011 18:53:00,42,7/29/2011 19:23:00,41,B00439,Casual,,,
862,957,Closed,1725,7/29/2011 18:59:00,22,7/29/2011 19:28:00,27,B00170,Registered,02130,1978,Male
863,958,Closed,8518,7/29/2011 19:01:00,8,7/29/2011 21:23:00,8,B00527,Casual,,,
864,959,Closed,1030,7/29/2011 19:01:00,30,7/29/2011 19:18:00,49,B00258,Casual,,,
865,960,Closed,498,7/29/2011 19:01:00,49,7/29/2011 19:09:00,39,B00401,Registered,02116,1982,Female
866,961,Closed,1011,7/29/2011 19:01:00,30,7/29/2011 19:18:00,49,B00329,Casual,,,
867,962,Closed,975,7/29/2011 19:02:00,42,7/29/2011 19:18:00,38,B00275,Casual,,,
868,963,Closed,452,7/29/2011 19:02:00,8,7/29/2011 19:10:00,8,B00554,Casual,,,
869,964,Closed,946,7/29/2011 19:02:00,42,7/29/2011 19:18:00,38,B00139,Casual,,,
870,965,Closed,44,7/29/2011 19:02:00,49,7/29/2011 19:03:00,49,B00306,Registered,02118,1987,Female
871,966,Closed,3002,7/29/2011 19:04:00,15,7/29/2011 19:54:00,21,B00037,Casual,,,
872,967,Closed,1959,7/29/2011 19:04:00,15,7/29/2011 19:37:00,21,B00021,Casual,,,
873,968,Closed,250,7/29/2011 19:04:00,48,7/29/2011 19:09:00,6,B00493,Registered,02114,1970,Male
874,969,Closed,1892,7/29/2011 19:06:00,15,7/29/2011 19:37:00,21,B00346,Casual,,,
875,970,Closed,1889,7/29/2011 19:06:00,15,7/29/2011 19:37:00,21,B00454,Casual,,,
876,971,Closed,256,7/29/2011 19:05:00,10,7/29/2011 19:10:00,9,,Casual,,,
877,972,Closed,4699,7/29/2011 19:10:00,41,7/29/2011 20:28:00,41,B00550,Casual,,,
878,973,Closed,57,7/29/2011 19:09:00,49,7/29/2011 19:10:00,49,B00306,Registered,02118,1987,Female
879,974,Closed,953,7/29/2011 19:11:00,49,7/29/2011 19:26:00,25,B00071,Registered,02118,1987,Female
880,975,Closed,243,7/29/2011 19:16:00,25,7/29/2011 19:20:00,46,B00042,Registered,02118,1985,Male
881,976,Closed,981,7/29/2011 19:21:00,16,7/29/2011 19:37:00,23,B00152,Casual,,,
882,977,Closed,677,7/29/2011 19:24:00,33,7/29/2011 19:35:00,45,B00564,Registered,02215,1977,Male
883,978,Closed,22,7/29/2011 19:29:00,25,7/29/2011 19:30:00,25,B00071,Registered,02118,1987,Female
884,979,Closed,1347,7/29/2011 19:30:00,41,7/29/2011 19:53:00,42,B00149,Casual,,,
885,980,Closed,323,7/29/2011 19:30:00,25,7/29/2011 19:36:00,36,B00412,Registered,02118,1987,Female
886,981,Closed,492,7/29/2011 19:31:00,9,7/29/2011 19:39:00,32,,Casual,,,
887,982,Closed,500,7/29/2011 19:31:00,39,7/29/2011 19:39:00,49,B00401,Registered,02116,1982,Female
888,983,Closed,956,7/29/2011 19:33:00,35,7/29/2011 19:49:00,25,B00552,Registered,02118,1976,Male
889,984,Closed,358,7/29/2011 19:35:00,39,7/29/2011 19:41:00,46,B00047,Registered,02118,1983,Male
890,985,Closed,253,7/29/2011 19:37:00,36,7/29/2011 19:42:00,42,B00412,Registered,02118,1987,Female
891,986,Closed,346,7/29/2011 19:42:00,9,7/29/2011 19:48:00,10,B00546,Registered,02127,1968,Male
892,987,Closed,631,7/29/2011 19:44:00,42,7/29/2011 19:54:00,23,B00074,Registered,02118,1987,Female
893,988,Closed,368,7/29/2011 19:45:00,21,7/29/2011 19:51:00,39,B00429,Casual,,,
894,989,Closed,572,7/29/2011 19:46:00,32,7/29/2011 19:56:00,30,B00363,Casual,,,
895,990,Closed,230,7/29/2011 19:47:00,21,7/29/2011 19:51:00,21,B00346,Casual,,,
896,991,Closed,552,7/29/2011 19:46:00,32,7/29/2011 19:56:00,30,B00218,Casual,,,
897,994,Closed,14794,7/29/2011 19:52:00,8,7/29/2011 23:59:00,8,B00051,Casual,,,
898,998,Closed,15,7/29/2011 19:56:00,23,7/29/2011 19:56:00,23,B00152,Registered,02118,1987,Female
899,1002,Closed,1099,7/29/2011 20:01:00,23,7/29/2011 20:19:00,52,B00152,Registered,02118,1987,Female
900,1003,Closed,432,7/29/2011 20:05:00,21,7/29/2011 20:12:00,36,B00021,Casual,,,
901,1004,Closed,478,7/29/2011 20:04:00,21,7/29/2011 20:12:00,36,B00379,Casual,,,
902,1005,Closed,922,7/29/2011 20:06:00,16,7/29/2011 20:21:00,6,B00530,Registered,01915,1972,Male
903,1006,Closed,303,7/29/2011 20:07:00,21,7/29/2011 20:12:00,36,B00346,Casual,,,
904,1007,Closed,295,7/29/2011 20:07:00,21,7/29/2011 20:12:00,36,B00205,Casual,,,
905,1008,Closed,505,7/29/2011 20:11:00,24,7/29/2011 20:19:00,43,B00557,Casual,,,
906,1009,Closed,513,7/29/2011 20:11:00,24,7/29/2011 20:19:00,43,B00460,Casual,,,
907,1010,Closed,1702,7/29/2011 20:12:00,32,7/29/2011 20:41:00,32,,Casual,,,
908,1011,Closed,1674,7/29/2011 20:13:00,32,7/29/2011 20:41:00,32,B00536,Casual,,,
909,1012,Closed,413,7/29/2011 20:12:00,24,7/29/2011 20:19:00,43,B00032,Casual,,,
910,1013,Closed,894,7/29/2011 20:14:00,22,7/29/2011 20:29:00,16,B00159,Registered,02460,1945,Male
911,1014,Closed,1161,7/29/2011 20:15:00,36,7/29/2011 20:35:00,22,B00205,Casual,,,
912,1015,Closed,1157,7/29/2011 20:15:00,36,7/29/2011 20:34:00,22,B00379,Casual,,,
913,1016,Closed,747,7/29/2011 20:15:00,23,7/29/2011 20:27:00,16,B00074,Registered,02116,1984,Female
914,1017,Closed,1106,7/29/2011 20:16:00,36,7/29/2011 20:34:00,22,B00021,Casual,,,
915,1018,Closed,1090,7/29/2011 20:16:00,36,7/29/2011 20:34:00,22,B00346,Casual,,,
916,1019,Closed,1199,7/29/2011 20:19:00,38,7/29/2011 20:39:00,5,B00077,Casual,,,
917,1020,Closed,64,7/29/2011 20:22:00,22,7/29/2011 20:23:00,22,B00076,Registered,02134,1980,Male
918,1022,Closed,360,7/29/2011 20:31:00,14,7/29/2011 20:37:00,32,B00540,Registered,02446,1983,Female
919,1023,Closed,866,7/29/2011 20:32:00,52,7/29/2011 20:46:00,13,B00152,Casual,,,
920,1024,Closed,1041,7/29/2011 20:37:00,42,7/29/2011 20:54:00,35,B00412,Casual,,,
921,1025,Closed,1064,7/29/2011 20:36:00,42,7/29/2011 20:54:00,35,B00233,Casual,,,
922,1026,Closed,951,7/29/2011 20:56:00,18,7/29/2011 21:12:00,9,B00251,Casual,,,
923,1027,Closed,253,7/29/2011 21:00:00,10,7/29/2011 21:04:00,33,B00546,Casual,,,
924,1028,Closed,686,7/29/2011 21:00:00,35,7/29/2011 21:11:00,47,B00412,Casual,,,
925,1029,Closed,570,7/29/2011 21:00:00,25,7/29/2011 21:10:00,52,B00217,Casual,,,
926,1030,Closed,652,7/29/2011 21:00:00,35,7/29/2011 21:11:00,47,B00233,Casual,,,
927,1031,Closed,502,7/29/2011 21:01:00,25,7/29/2011 21:09:00,52,B00045,Casual,,,
928,1032,Closed,395,7/29/2011 21:01:00,35,7/29/2011 21:08:00,35,B00099,Registered,02148,1978,Male
929,1033,Closed,458,7/29/2011 21:02:00,25,7/29/2011 21:10:00,52,B00495,Casual,,,
930,1034,Closed,2101,7/29/2011 21:04:00,27,7/29/2011 21:39:00,41,B00499,Casual,,,
931,1035,Closed,1263,7/29/2011 21:05:00,22,7/29/2011 21:26:00,9,B00407,Registered,02446,1982,Male
932,1036,Closed,933,7/29/2011 21:09:00,42,7/29/2011 21:24:00,47,B00408,Casual,,,
933,1037,Closed,617,7/29/2011 21:13:00,42,7/29/2011 21:23:00,36,B00565,Casual,,,
934,1038,Closed,608,7/29/2011 21:13:00,42,7/29/2011 21:23:00,36,B00465,Casual,,,
935,1039,Closed,236,7/29/2011 21:14:00,10,7/29/2011 21:18:00,33,B00124,Casual,,,
936,1040,Closed,230,7/29/2011 21:14:00,10,7/29/2011 21:18:00,33,B00547,Casual,,,
937,1041,Closed,1375,7/29/2011 21:14:00,35,7/29/2011 21:37:00,24,B00392,Registered,02446,1983,Female
938,1042,Closed,1425,7/29/2011 21:17:00,16,7/29/2011 21:41:00,49,B00159,Registered,02116,1966,Male
939,1043,Closed,898,7/29/2011 21:19:00,43,7/29/2011 21:34:00,43,B00423,Casual,,,
940,1044,Closed,878,7/29/2011 21:19:00,43,7/29/2011 21:34:00,43,B00460,Casual,,,
941,1045,Closed,595,7/29/2011 21:39:00,42,7/29/2011 21:49:00,36,B00149,Casual,,,
942,1046,Closed,507,7/29/2011 21:40:00,42,7/29/2011 21:49:00,36,B00468,Casual,,,
943,1047,Closed,1015,7/29/2011 22:20:00,47,7/29/2011 22:37:00,24,B00233,Casual,,,
944,1048,Closed,1012,7/29/2011 22:20:00,47,7/29/2011 22:37:00,24,B00151,Casual,,,
945,1049,Closed,604,7/29/2011 22:22:00,52,7/29/2011 22:32:00,25,B00495,Casual,,,
946,1050,Closed,576,7/29/2011 22:22:00,52,7/29/2011 22:32:00,25,B00217,Casual,,,
947,1051,Closed,574,7/29/2011 22:22:00,52,7/29/2011 22:32:00,25,B00045,Casual,,,
948,1052,Closed,1108,7/29/2011 22:27:00,41,7/29/2011 22:46:00,27,B00333,Casual,,,
949,1053,Closed,426,7/29/2011 23:08:00,40,7/29/2011 23:15:00,6,B00280,Casual,,,
950,1054,Closed,1076,7/29/2011 23:17:00,6,7/29/2011 23:35:00,33,B00280,Casual,,,
951,1055,Closed,713,7/29/2011 23:23:00,14,7/29/2011 23:35:00,10,B00063,Casual,,,
952,1056,Closed,719,7/29/2011 23:23:00,14,7/29/2011 23:35:00,10,B00361,Casual,,,
953,1057,Closed,537,7/29/2011 23:23:00,36,7/29/2011 23:32:00,31,B00149,Registered,02118,1987,Female
954,1058,Closed,833,7/29/2011 23:28:00,14,7/29/2011 23:42:00,10,B00368,Casual,,,
955,1060,Closed,656,7/29/2011 23:28:00,14,7/29/2011 23:39:00,10,B00284,Casual,,,
956,1061,Closed,631,7/29/2011 23:31:00,24,7/29/2011 23:41:00,47,B00233,Casual,,,
957,1062,Closed,2113,7/29/2011 23:32:00,10,7/30/2011 00:07:00,25,B00425,Casual,,,
958,1063,Closed,2024,7/29/2011 23:33:00,10,7/30/2011 00:07:00,25,B00348,Casual,,,
959,1064,Closed,384,7/29/2011 23:43:00,49,7/29/2011 23:49:00,16,B00401,Registered,02116,1966,Male
960,1065,Closed,765,7/29/2011 23:45:00,25,7/29/2011 23:57:00,32,B00071,Registered,02215,1981,Male
961,1066,Closed,717,7/30/2011 00:01:00,34,7/30/2011 00:13:00,41,B00168,Casual,,,
962,1067,Closed,352,7/30/2011 01:03:00,31,7/30/2011 01:09:00,22,B00350,Registered,02118,1987,Female
963,1068,Closed,1043,7/30/2011 01:11:00,22,7/30/2011 01:28:00,25,B00136,Registered,02118,1987,Female
964,1069,Closed,861,7/30/2011 01:16:00,35,7/30/2011 01:30:00,25,B00099,Casual,,,
965,1071,Closed,48763,7/30/2011 01:37:00,31,7/30/2011 15:10:00,31,B00414,Casual,,,
966,1072,Closed,48641,7/30/2011 01:39:00,31,7/30/2011 15:10:00,31,B00149,Casual,,,
967,1073,Closed,1013,7/30/2011 02:05:00,36,7/30/2011 02:22:00,47,B00465,Registered,02113,1970,Male
968,1075,Closed,8199,7/30/2011 02:12:00,26,7/30/2011 04:28:00,27,B00187,Casual,,,
969,1076,Closed,230496,7/30/2011 02:13:00,43,8/1/2011 18:15:00,43,B00032,Casual,,,
970,1077,Closed,955,7/30/2011 02:42:00,36,7/30/2011 02:58:00,41,B00468,Casual,,,
971,1078,Closed,983,7/30/2011 02:43:00,36,7/30/2011 02:59:00,41,B00565,Casual,,,
972,1079,Closed,992,7/30/2011 03:00:00,41,7/30/2011 03:17:00,13,B00223,Casual,,,
973,1080,Closed,5630,7/30/2011 03:03:00,43,7/30/2011 04:37:00,44,B00423,Casual,,,
974,1081,Closed,1007,7/30/2011 03:03:00,22,7/30/2011 03:20:00,22,B00178,Casual,,,
975,1082,Closed,5640,7/30/2011 03:03:00,43,7/30/2011 04:37:00,44,B00460,Casual,,,
976,1083,Closed,492,7/30/2011 03:05:00,41,7/30/2011 03:13:00,10,B00565,Casual,,,
977,1084,Closed,866,7/30/2011 03:06:00,22,7/30/2011 03:20:00,22,B00350,Casual,,,
978,1086,Closed,5390,7/30/2011 03:07:00,43,7/30/2011 04:37:00,44,B00557,Casual,,,
979,1089,Closed,4414,7/30/2011 03:20:00,11,7/30/2011 04:33:00,11,B00145,Casual,,,
980,1090,Closed,4382,7/30/2011 03:20:00,11,7/30/2011 04:33:00,11,B00138,Casual,,,
981,1091,Closed,818,7/30/2011 03:20:00,13,7/30/2011 03:33:00,23,B00223,Casual,,,
982,1092,Closed,351,7/30/2011 03:38:00,44,7/30/2011 03:44:00,40,B00067,Casual,,,
983,1093,Closed,7827,7/30/2011 03:40:00,10,7/30/2011 05:51:00,10,B00063,Casual,,,
984,1094,Closed,7831,7/30/2011 03:40:00,10,7/30/2011 05:51:00,10,B00565,Casual,,,
985,1096,Closed,4248,7/30/2011 04:32:00,41,7/30/2011 05:43:00,8,B00355,Casual,,,
986,1097,Closed,3092,7/30/2011 04:51:00,8,7/30/2011 05:43:00,8,B00527,Casual,,,
987,1098,Closed,944,7/30/2011 06:23:00,16,7/30/2011 06:39:00,25,B00401,Registered,02118,1976,Male
988,1099,Closed,1372,7/30/2011 06:26:00,41,7/30/2011 06:49:00,23,B00468,Casual,,,
989,1101,Closed,387,7/30/2011 07:09:00,49,7/30/2011 07:15:00,36,B00159,Registered,02114,1978,Male
990,1103,Closed,6948,7/30/2011 07:16:00,16,7/30/2011 09:12:00,49,B00286,Casual,,,
991,1104,Closed,890,7/30/2011 07:39:00,36,7/30/2011 07:54:00,10,B00159,Registered,02114,1978,Male
992,1106,Closed,294,7/30/2011 07:42:00,41,7/30/2011 07:47:00,8,B00505,Casual,,,
993,1107,Closed,348,7/30/2011 07:42:00,25,7/30/2011 07:48:00,25,B00136,Casual,,,
994,1108,Closed,1557,7/30/2011 07:55:00,25,7/30/2011 08:21:00,25,B00217,Casual,,,
995,1109,Closed,1565,7/30/2011 07:56:00,25,7/30/2011 08:22:00,25,B00045,Casual,,,
996,1110,Closed,864,7/30/2011 07:58:00,10,7/30/2011 08:13:00,8,B00565,Registered,02116,1979,Female
997,1111,Closed,865,7/30/2011 07:58:00,10,7/30/2011 08:13:00,8,B00159,Registered,02114,1978,Male
998,1112,Closed,1761,7/30/2011 08:04:00,47,7/30/2011 08:33:00,35,B00339,Casual,,,
999,1113,Closed,12121,7/30/2011 08:04:00,34,7/30/2011 11:26:00,45,B00537,Casual,,,
